User_ID,Subscription_Tier,Monthly_Fee,Renewal_Status,Cancellation_Date
U0001,Standard,12.99,Canceled,5/30/2025
U0002,Standard,12.99,Canceled,2/4/2025
U0003,Premium,17.99,Renewed,
U0004,Premium,17.99,Renewed,
U0005,Premium,17.99,Renewed,
U0006,Basic,7.99,Canceled,11/13/2024
U0007,Premium,17.99,Renewed,
U0008,Basic,7.99,Renewed,
U0009,Premium,17.99,Renewed,
U0010,Standard,12.99,Renewed,
U0011,Standard,12.99,Renewed,
U0012,Basic,7.99,Renewed,
U0013,Premium,17.99,Renewed,
U0014,Basic,7.99,Renewed,
U0015,Standard,12.99,Renewed,
U0016,Basic,7.99,Renewed,
U0017,Basic,7.99,Renewed,
U0018,Standard,12.99,Renewed,
U0019,Basic,7.99,Renewed,
U0020,Basic,7.99,Renewed,
U0021,Premium,17.99,Renewed,
U0022,Basic,7.99,Renewed,
U0023,Basic,7.99,Renewed,
U0024,Basic,7.99,Renewed,
U0025,Standard,12.99,Renewed,
U0026,Standard,12.99,Renewed,
U0027,Standard,12.99,Canceled,7/19/2024
U0028,Basic,7.99,Renewed,
U0029,Standard,12.99,Renewed,
U0030,Premium,17.99,Renewed,
U0031,Standard,12.99,Canceled,4/8/2025
U0032,Standard,12.99,Renewed,
U0033,Basic,7.99,Renewed,
U0034,Premium,17.99,Renewed,
U0035,Standard,12.99,Renewed,
U0036,Standard,12.99,Renewed,
U0037,Premium,17.99,Renewed,
U0038,Basic,7.99,Canceled,6/23/2025
U0039,Basic,7.99,Renewed,
U0040,Standard,12.99,Renewed,
U0041,Premium,17.99,Renewed,
U0042,Basic,7.99,Renewed,
U0043,Premium,17.99,Renewed,
U0044,Standard,12.99,Canceled,8/18/2024
U0045,Premium,17.99,Renewed,
U0046,Basic,7.99,Renewed,
U0047,Premium,17.99,Renewed,
U0048,Premium,17.99,Renewed,
U0049,Basic,7.99,Renewed,
U0050,Standard,12.99,Renewed,
U0051,Premium,17.99,Renewed,
U0052,Basic,7.99,Renewed,
U0053,Basic,7.99,Renewed,
U0054,Basic,7.99,Canceled,7/16/2025
U0055,Basic,7.99,Renewed,
U0056,Premium,17.99,Renewed,
U0057,Basic,7.99,Renewed,
U0058,Premium,17.99,Renewed,
U0059,Standard,12.99,Renewed,
U0060,Standard,12.99,Canceled,7/17/2024
U0061,Premium,17.99,Renewed,
U0062,Standard,12.99,Renewed,
U0063,Basic,7.99,Renewed,
U0064,Basic,7.99,Renewed,
U0065,Basic,7.99,Renewed,
U0066,Standard,12.99,Renewed,
U0067,Basic,7.99,Renewed,
U0068,Basic,7.99,Renewed,
U0069,Standard,12.99,Renewed,
U0070,Premium,17.99,Renewed,
U0071,Standard,12.99,Renewed,
U0072,Premium,17.99,Renewed,
U0073,Basic,7.99,Canceled,8/13/2025
U0074,Premium,17.99,Renewed,
U0075,Premium,17.99,Renewed,
U0076,Standard,12.99,Renewed,
U0077,Basic,7.99,Renewed,
U0078,Standard,12.99,Renewed,
U0079,Basic,7.99,Renewed,
U0080,Basic,7.99,Renewed,
U0081,Standard,12.99,Canceled,10/13/2024
U0082,Basic,7.99,Renewed,
U0083,Standard,12.99,Renewed,
U0084,Standard,12.99,Renewed,
U0085,Basic,7.99,Renewed,
U0086,Standard,12.99,Renewed,
U0087,Standard,12.99,Renewed,
U0088,Standard,12.99,Renewed,
U0089,Basic,7.99,Renewed,
U0090,Standard,12.99,Renewed,
U0091,Basic,7.99,Renewed,
U0092,Standard,12.99,Renewed,
U0093,Standard,12.99,Renewed,
U0094,Basic,7.99,Canceled,9/18/2025
U0095,Standard,12.99,Renewed,
U0096,Premium,17.99,Renewed,
U0097,Standard,12.99,Canceled,12/1/2024
U0098,Standard,12.99,Renewed,
U0099,Standard,12.99,Renewed,
U0100,Premium,17.99,Renewed,
U0101,Standard,12.99,Renewed,
U0102,Basic,7.99,Renewed,
U0103,Premium,17.99,Renewed,
U0104,Standard,12.99,Renewed,
U0105,Standard,12.99,Renewed,
U0106,Premium,17.99,Canceled,1/19/2025
U0107,Standard,12.99,Renewed,
U0108,Standard,12.99,Renewed,
U0109,Standard,12.99,Canceled,5/26/2025
U0110,Premium,17.99,Renewed,
U0111,Premium,17.99,Canceled,10/13/2024
U0112,Standard,12.99,Renewed,
U0113,Standard,12.99,Renewed,
U0114,Premium,17.99,Renewed,
U0115,Standard,12.99,Renewed,
U0116,Standard,12.99,Renewed,
U0117,Standard,12.99,Canceled,6/16/2025
U0118,Basic,7.99,Renewed,
U0119,Premium,17.99,Renewed,
U0120,Premium,17.99,Canceled,9/7/2024
U0121,Standard,12.99,Renewed,
U0122,Basic,7.99,Renewed,
U0123,Standard,12.99,Canceled,5/13/2025
U0124,Standard,12.99,Renewed,
U0125,Standard,12.99,Renewed,
U0126,Standard,12.99,Canceled,4/18/2025
U0127,Basic,7.99,Renewed,
U0128,Standard,12.99,Renewed,
U0129,Premium,17.99,Renewed,
U0130,Standard,12.99,Renewed,
U0131,Standard,12.99,Canceled,3/24/2025
U0132,Standard,12.99,Renewed,
U0133,Standard,12.99,Renewed,
U0134,Standard,12.99,Renewed,
U0135,Standard,12.99,Renewed,
U0136,Basic,7.99,Renewed,
U0137,Basic,7.99,Renewed,
U0138,Basic,7.99,Renewed,
U0139,Basic,7.99,Renewed,
U0140,Basic,7.99,Renewed,
U0141,Standard,12.99,Renewed,
U0142,Standard,12.99,Renewed,
U0143,Standard,12.99,Renewed,
U0144,Basic,7.99,Renewed,
U0145,Premium,17.99,Renewed,
U0146,Premium,17.99,Renewed,
U0147,Standard,12.99,Renewed,
U0148,Basic,7.99,Renewed,
U0149,Basic,7.99,Renewed,
U0150,Basic,7.99,Renewed,
U0151,Standard,12.99,Renewed,
U0152,Standard,12.99,Canceled,2/24/2025
U0153,Standard,12.99,Renewed,
U0154,Premium,17.99,Renewed,
U0155,Standard,12.99,Canceled,1/22/2025
U0156,Standard,12.99,Renewed,
U0157,Standard,12.99,Canceled,
U0158,Premium,17.99,Renewed,
U0159,Basic,7.99,Renewed,
U0160,Premium,17.99,Renewed,
U0161,Basic,7.99,Renewed,
U0162,Premium,17.99,Renewed,
U0163,Standard,12.99,Renewed,
U0164,Basic,7.99,Renewed,
U0165,Premium,17.99,Renewed,
U0166,Premium,17.99,Renewed,
U0167,Premium,17.99,Renewed,
U0168,Premium,17.99,Canceled,3/29/2025
U0169,Standard,12.99,Renewed,
U0170,Standard,12.99,Renewed,
U0171,Standard,12.99,Renewed,
U0172,Premium,17.99,Renewed,
U0173,Basic,7.99,Renewed,
U0174,Standard,12.99,Renewed,
U0175,Basic,7.99,Renewed,
U0176,Premium,17.99,Renewed,
U0177,Standard,12.99,Renewed,
U0178,Basic,7.99,Renewed,
U0179,Premium,17.99,Renewed,
U0180,Standard,12.99,Renewed,
U0181,Premium,17.99,Renewed,
U0182,Premium,17.99,Renewed,
U0183,Basic,7.99,Renewed,
U0184,Basic,7.99,Renewed,
U0185,Basic,7.99,Renewed,
U0186,Basic,7.99,Renewed,
U0187,Standard,12.99,Renewed,
U0188,Standard,12.99,Renewed,
U0189,Basic,7.99,Renewed,
U0190,Standard,12.99,Renewed,
U0191,Standard,12.99,Renewed,
U0192,Basic,7.99,Renewed,
U0193,Basic,7.99,Renewed,
U0194,Premium,17.99,Renewed,
U0195,Basic,7.99,Renewed,
U0196,Standard,12.99,Canceled,11/14/2024
U0197,Basic,7.99,Renewed,
U0198,Premium,17.99,Renewed,
U0199,Standard,12.99,Renewed,
U0200,Standard,12.99,Renewed,
U0201,Premium,17.99,Renewed,
U0202,Premium,17.99,Renewed,
U0203,Basic,7.99,Renewed,
U0204,Premium,17.99,Renewed,
U0205,Premium,17.99,Renewed,
U0206,Standard,12.99,Canceled,2/19/2025
U0207,Standard,12.99,Canceled,5/21/2024
U0208,Standard,12.99,Renewed,
U0209,Standard,12.99,Renewed,
U0210,Standard,12.99,Renewed,
U0211,Basic,7.99,Renewed,
U0212,Standard,12.99,Renewed,
U0213,Standard,12.99,Renewed,
U0214,Basic,7.99,Renewed,
U0215,Standard,12.99,Canceled,8/16/2025
U0216,Standard,12.99,Renewed,
U0217,Premium,17.99,Renewed,
U0218,Standard,12.99,Renewed,
U0219,Standard,12.99,Renewed,
U0220,Basic,7.99,Renewed,
U0221,Standard,12.99,Renewed,
U0222,Premium,17.99,Renewed,
U0223,Standard,12.99,Renewed,
U0224,Premium,17.99,Renewed,
U0225,Standard,12.99,Renewed,
U0226,Standard,12.99,Renewed,
U0227,Premium,17.99,Renewed,
U0228,Premium,17.99,Renewed,
U0229,Standard,12.99,Renewed,
U0230,Premium,17.99,Renewed,
U0231,Standard,12.99,Renewed,
U0232,Basic,7.99,Canceled,10/9/2024
U0233,Basic,7.99,Renewed,
U0234,Standard,12.99,Renewed,
U0235,Basic,7.99,Renewed,
U0236,Standard,12.99,Renewed,
U0237,Standard,12.99,Renewed,
U0238,Standard,12.99,Renewed,
U0239,Premium,17.99,Renewed,
U0240,Basic,7.99,Renewed,
U0241,Standard,12.99,Canceled,7/17/2025
U0242,Standard,12.99,Renewed,
U0243,Premium,17.99,Renewed,
U0244,Basic,7.99,Canceled,7/4/2025
U0245,Standard,12.99,Renewed,
U0246,Standard,12.99,Renewed,
U0247,Standard,12.99,Renewed,
U0248,Premium,17.99,Renewed,
U0249,Standard,12.99,Renewed,
U0250,Premium,17.99,Renewed,
U0251,Basic,7.99,Renewed,
U0252,Premium,17.99,Renewed,
U0253,Premium,17.99,Renewed,
U0254,Basic,7.99,Renewed,
U0255,Premium,17.99,Renewed,
U0256,Standard,12.99,Canceled,10/9/2024
U0257,Standard,12.99,Renewed,
U0258,Standard,12.99,Canceled,2/5/2025
U0259,Premium,17.99,Canceled,6/6/2025
U0260,Standard,12.99,Renewed,
U0261,Basic,7.99,Renewed,
U0262,Standard,12.99,Renewed,
U0263,Standard,12.99,Renewed,
U0264,Standard,12.99,Renewed,
U0265,Standard,12.99,Renewed,
U0266,Premium,17.99,Renewed,
U0267,Standard,12.99,Canceled,4/3/2025
U0268,Premium,17.99,Canceled,12/8/2024
U0269,Premium,17.99,Renewed,
U0270,Standard,12.99,Renewed,
U0271,Standard,12.99,Renewed,
U0272,Standard,12.99,Renewed,
U0273,Basic,7.99,Renewed,
U0274,Basic,7.99,Renewed,
U0275,Basic,7.99,Renewed,
U0276,Premium,17.99,Canceled,6/27/2025
U0277,Standard,12.99,Renewed,
U0278,Basic,7.99,Renewed,
U0279,Basic,7.99,Renewed,
U0280,Basic,7.99,Renewed,
U0281,Standard,12.99,Renewed,
U0282,Basic,7.99,Canceled,6/5/2025
U0283,Standard,12.99,Renewed,
U0284,Standard,12.99,Renewed,
U0285,Basic,7.99,Renewed,
U0286,Premium,17.99,Renewed,
U0287,Premium,17.99,Renewed,
U0288,Standard,12.99,Renewed,
U0289,Standard,12.99,Renewed,
U0290,Basic,7.99,Renewed,
U0291,Premium,17.99,Renewed,
U0292,Basic,7.99,Renewed,
U0293,Standard,12.99,Canceled,4/18/2025
U0294,Basic,7.99,Renewed,
U0295,Premium,17.99,Renewed,
U0296,Premium,17.99,Renewed,
U0297,Premium,17.99,Renewed,
U0298,Standard,12.99,Renewed,
U0299,Premium,17.99,Renewed,
U0300,Basic,7.99,Renewed,
U0301,Premium,17.99,Canceled,5/11/2024
U0302,Premium,17.99,Renewed,
U0303,Standard,12.99,Canceled,8/6/2025
U0304,Basic,7.99,Renewed,
U0305,Standard,12.99,Canceled,7/11/2024
U0306,Basic,7.99,Renewed,
U0307,Standard,12.99,Renewed,
U0308,Basic,7.99,Canceled,8/12/2025
U0309,Standard,12.99,Renewed,
U0310,Standard,12.99,Canceled,4/14/2025
U0311,Standard,12.99,Renewed,
U0312,Basic,7.99,Renewed,
U0313,Standard,12.99,Renewed,
U0314,Standard,12.99,Canceled,4/16/2024
U0315,Standard,12.99,Renewed,
U0316,Basic,7.99,Renewed,
U0317,Premium,17.99,Renewed,
U0318,Basic,7.99,Renewed,
U0319,Premium,17.99,Renewed,
U0320,Standard,12.99,Renewed,
U0321,Premium,17.99,Renewed,
U0322,Premium,17.99,Renewed,
U0323,Basic,7.99,Renewed,
U0324,Basic,7.99,Canceled,7/28/2024
U0325,Basic,7.99,Renewed,
U0326,Standard,12.99,Renewed,
U0327,Basic,7.99,Renewed,
U0328,Standard,12.99,Renewed,
U0329,Premium,17.99,Renewed,
U0330,Basic,7.99,Renewed,
U0331,Premium,17.99,Renewed,
U0332,Standard,12.99,Canceled,10/9/2024
U0333,Premium,17.99,Renewed,
U0334,Basic,7.99,Canceled,9/17/2025
U0335,Premium,17.99,Canceled,9/5/2024
U0336,Standard,12.99,Renewed,
U0337,Premium,17.99,Renewed,
U0338,Premium,17.99,Renewed,
U0339,Basic,7.99,Renewed,
U0340,Standard,12.99,Renewed,
U0341,Standard,12.99,Renewed,
U0342,Basic,7.99,Renewed,
U0343,Basic,7.99,Renewed,
U0344,Basic,7.99,Renewed,
U0345,Standard,12.99,Renewed,
U0346,Standard,12.99,Canceled,12/17/2024
U0347,Standard,12.99,Renewed,
U0348,Premium,17.99,Renewed,
U0349,Basic,7.99,Renewed,
U0350,Standard,12.99,Renewed,
U0351,Basic,7.99,Renewed,
U0352,Basic,7.99,Canceled,9/23/2025
U0353,Premium,17.99,Renewed,
U0354,Standard,12.99,Renewed,
U0355,Basic,7.99,Renewed,
U0356,Basic,7.99,Canceled,11/7/2024
U0357,Premium,17.99,Renewed,
U0358,Standard,12.99,Renewed,
U0359,Basic,7.99,Renewed,
U0360,Premium,17.99,Renewed,
U0361,Standard,12.99,Renewed,
U0362,Premium,17.99,Renewed,
U0363,Standard,12.99,Canceled,2/7/2025
U0364,Premium,17.99,Renewed,
U0365,Basic,7.99,Renewed,
U0366,Standard,12.99,Renewed,
U0367,Standard,12.99,Renewed,
U0368,Premium,17.99,Renewed,
U0369,Standard,12.99,Renewed,
U0370,Standard,12.99,Canceled,1/27/2025
U0371,Premium,17.99,Renewed,
U0372,Basic,7.99,Renewed,
U0373,Premium,17.99,Renewed,
U0374,Standard,12.99,Renewed,
U0375,Standard,12.99,Renewed,
U0376,Premium,17.99,Renewed,
U0377,Basic,7.99,Renewed,
U0378,Standard,12.99,Canceled,6/1/2024
U0379,Standard,12.99,Renewed,
U0380,Premium,17.99,Renewed,
U0381,Premium,17.99,Renewed,
U0382,Standard,12.99,Canceled,12/13/2024
U0383,Basic,7.99,Renewed,
U0384,Basic,7.99,Renewed,
U0385,Premium,17.99,Renewed,
U0386,Standard,12.99,Renewed,
U0387,Standard,12.99,Renewed,
U0388,Premium,17.99,Renewed,
U0389,Standard,12.99,Renewed,
U0390,Standard,12.99,Renewed,
U0391,Standard,12.99,Renewed,
U0392,Basic,7.99,Renewed,
U0393,Standard,12.99,Renewed,
U0394,Premium,17.99,Renewed,
U0395,Standard,12.99,Canceled,6/6/2024
U0396,Basic,7.99,Renewed,
U0397,Standard,12.99,Canceled,8/9/2025
U0398,Basic,7.99,Renewed,
U0399,Standard,12.99,Renewed,
U0400,Standard,12.99,Canceled,6/14/2024
U0401,Basic,7.99,Renewed,
U0402,Standard,12.99,Renewed,
U0403,Standard,12.99,Renewed,
U0404,Basic,7.99,Renewed,
U0405,Basic,7.99,Renewed,
U0406,Basic,7.99,Renewed,
U0407,Standard,12.99,Renewed,
U0408,Standard,12.99,Renewed,
U0409,Standard,12.99,Renewed,
U0410,Basic,7.99,Renewed,
U0411,Standard,12.99,Renewed,
U0412,Basic,7.99,Renewed,
U0413,Standard,12.99,Canceled,12/11/2024
U0414,Premium,17.99,Renewed,
U0415,Basic,7.99,Canceled,2/19/2025
U0416,Standard,12.99,Renewed,
U0417,Basic,7.99,Renewed,
U0418,Premium,17.99,Renewed,
U0419,Premium,17.99,Renewed,
U0420,Premium,17.99,Renewed,
U0421,Standard,12.99,Renewed,
U0422,Basic,7.99,Renewed,
U0423,Standard,12.99,Canceled,7/20/2024
U0424,Basic,7.99,Renewed,
U0425,Basic,7.99,Renewed,
U0426,Basic,7.99,Renewed,
U0427,Basic,7.99,Renewed,
U0428,Basic,7.99,Renewed,
U0429,Basic,7.99,Renewed,
U0430,Premium,17.99,Canceled,1/9/2025
U0431,Basic,7.99,Renewed,
U0432,Basic,7.99,Renewed,
U0433,Standard,12.99,Renewed,
U0434,Standard,12.99,Renewed,
U0435,Basic,7.99,Renewed,
U0436,Basic,7.99,Renewed,
U0437,Standard,12.99,Renewed,
U0438,Premium,17.99,Renewed,
U0439,Standard,12.99,Renewed,
U0440,Standard,12.99,Renewed,
U0441,Premium,17.99,Renewed,
U0442,Standard,12.99,Renewed,
U0443,Standard,12.99,Renewed,
U0444,Premium,17.99,Canceled,8/22/2025
U0445,Premium,17.99,Canceled,7/18/2024
U0446,Standard,12.99,Renewed,
U0447,Standard,12.99,Renewed,
U0448,Standard,12.99,Renewed,
U0449,Standard,12.99,Renewed,
U0450,Basic,7.99,Canceled,2/7/2025
U0451,Premium,17.99,Renewed,
U0452,Basic,7.99,Canceled,9/25/2025
U0453,Standard,12.99,Canceled,6/25/2025
U0454,Premium,17.99,Renewed,
U0455,Standard,12.99,Renewed,
U0456,Basic,7.99,Renewed,
U0457,Premium,17.99,Canceled,1/12/2025
U0458,Basic,7.99,Renewed,
U0459,Standard,12.99,Canceled,7/7/2025
U0460,Premium,17.99,Renewed,
U0461,Basic,7.99,Renewed,
U0462,Premium,17.99,Canceled,4/24/2024
U0463,Premium,17.99,Renewed,
U0464,Standard,12.99,Renewed,
U0465,Standard,12.99,Renewed,
U0466,Standard,12.99,Renewed,
U0467,Basic,7.99,Renewed,
U0468,Standard,12.99,Renewed,
U0469,Premium,17.99,Canceled,2/15/2025
U0470,Standard,12.99,Canceled,7/21/2024
U0471,Standard,12.99,Renewed,
U0472,Basic,7.99,Renewed,
U0473,Standard,12.99,Renewed,
U0474,Standard,12.99,Renewed,
U0475,Premium,17.99,Canceled,12/1/2024
U0476,Standard,12.99,Renewed,
U0477,Standard,12.99,Renewed,
U0478,Standard,12.99,Renewed,
U0479,Standard,12.99,Renewed,
U0480,Premium,17.99,Renewed,
U0481,Premium,17.99,Renewed,
U0482,Standard,12.99,Renewed,
U0483,Basic,7.99,Renewed,
U0484,Premium,17.99,Renewed,
U0485,Standard,12.99,Renewed,
U0486,Premium,17.99,Renewed,
U0487,Standard,12.99,Renewed,
U0488,Premium,17.99,Renewed,
U0489,Basic,7.99,Renewed,
U0490,Basic,7.99,Renewed,
U0491,Standard,12.99,Renewed,
U0492,Basic,7.99,Canceled,7/23/2025
U0493,Basic,7.99,Canceled,8/17/2025
U0494,Standard,12.99,Renewed,
U0495,Standard,12.99,Canceled,12/17/2024
U0496,Premium,17.99,Renewed,
U0497,Standard,12.99,Renewed,
U0498,Basic,7.99,Renewed,
U0499,Basic,7.99,Renewed,
U0500,Standard,12.99,Renewed,
U0501,Standard,12.99,Renewed,
U0502,Standard,12.99,Renewed,
U0503,Standard,12.99,Renewed,
U0504,Standard,12.99,Renewed,
U0505,Standard,12.99,Canceled,9/13/2025
U0506,Standard,12.99,Renewed,
U0507,Standard,12.99,Renewed,
U0508,Standard,12.99,Renewed,
U0509,Basic,7.99,Renewed,
U0510,Basic,7.99,Renewed,
U0511,Standard,12.99,Renewed,
U0512,Premium,17.99,Renewed,
U0513,Basic,7.99,Renewed,
U0514,Premium,17.99,Renewed,
U0515,Basic,7.99,Renewed,
U0516,Standard,12.99,Renewed,
U0517,Standard,12.99,Renewed,
U0518,Basic,7.99,Renewed,
U0519,Standard,12.99,Renewed,
U0520,Standard,12.99,Canceled,3/10/2025
U0521,Standard,12.99,Canceled,3/21/2025
U0522,Standard,12.99,Canceled,11/23/2024
U0523,Basic,7.99,Renewed,
U0524,Standard,12.99,Renewed,
U0525,Basic,7.99,Renewed,
U0526,Standard,12.99,Renewed,
U0527,Basic,7.99,Renewed,
U0528,Premium,17.99,Renewed,
U0529,Premium,17.99,Canceled,10/10/2024
U0530,Standard,12.99,Renewed,
U0531,Standard,12.99,Canceled,12/17/2024
U0532,Standard,12.99,Renewed,
U0533,Premium,17.99,Renewed,
U0534,Basic,7.99,Renewed,
U0535,Standard,12.99,Renewed,
U0536,Basic,7.99,Renewed,
U0537,Standard,12.99,Renewed,
U0538,Standard,12.99,Renewed,
U0539,Basic,7.99,Renewed,
U0540,Standard,12.99,Canceled,12/4/2024
U0541,Standard,12.99,Renewed,
U0542,Standard,12.99,Canceled,10/7/2024
U0543,Standard,12.99,Renewed,
U0544,Basic,7.99,Renewed,
U0545,Premium,17.99,Renewed,
U0546,Premium,17.99,Renewed,
U0547,Basic,7.99,Renewed,
U0548,Basic,7.99,Renewed,
U0549,Premium,17.99,Renewed,
U0550,Basic,7.99,Renewed,
U0551,Standard,12.99,Renewed,
U0552,Standard,12.99,Renewed,
U0553,Basic,7.99,Renewed,
U0554,Premium,17.99,Renewed,
U0555,Standard,12.99,Renewed,
U0556,Standard,12.99,Renewed,
U0557,Standard,12.99,Renewed,
U0558,Standard,12.99,Renewed,
U0559,Standard,12.99,Renewed,
U0560,Standard,12.99,Renewed,
U0561,Premium,17.99,Renewed,
U0562,Standard,12.99,Renewed,
U0563,Premium,17.99,Canceled,11/20/2024
U0564,Premium,17.99,Renewed,
U0565,Standard,12.99,Renewed,
U0566,Standard,12.99,Renewed,
U0567,Standard,12.99,Renewed,
U0568,Basic,7.99,Renewed,
U0569,Basic,7.99,Renewed,
U0570,Standard,12.99,Renewed,
U0571,Basic,7.99,Renewed,
U0572,Standard,12.99,Renewed,
U0573,Standard,12.99,Renewed,
U0574,Standard,12.99,Renewed,
U0575,Standard,12.99,Renewed,
U0576,Standard,12.99,Canceled,5/26/2025
U0577,Standard,12.99,Renewed,
U0578,Standard,12.99,Canceled,8/16/2024
U0579,Standard,12.99,Canceled,4/19/2025
U0580,Basic,7.99,Renewed,
U0581,Basic,7.99,Renewed,
U0582,Premium,17.99,Renewed,
U0583,Standard,12.99,Renewed,
U0584,Premium,17.99,Renewed,
U0585,Premium,17.99,Renewed,
U0586,Standard,12.99,Renewed,
U0587,Basic,7.99,Renewed,
U0588,Standard,12.99,Canceled,6/14/2025
U0589,Standard,12.99,Renewed,
U0590,Standard,12.99,Renewed,
U0591,Standard,12.99,Renewed,
U0592,Standard,12.99,Canceled,3/14/2025
U0593,Standard,12.99,Renewed,
U0594,Basic,7.99,Renewed,
U0595,Basic,7.99,Renewed,
U0596,Premium,17.99,Renewed,
U0597,Basic,7.99,Renewed,
U0598,Basic,7.99,Canceled,5/26/2025
U0599,Basic,7.99,Renewed,
U0600,Premium,17.99,Renewed,
U0601,Standard,12.99,Canceled,4/23/2025
U0602,Standard,12.99,Renewed,
U0603,Basic,7.99,Renewed,
U0604,Basic,7.99,Canceled,5/30/2025
U0605,Premium,17.99,Renewed,
U0606,Standard,12.99,Renewed,
U0607,Premium,17.99,Renewed,
U0608,Basic,7.99,Renewed,
U0609,Standard,12.99,Renewed,
U0610,Standard,12.99,Renewed,
U0611,Premium,17.99,Renewed,
U0612,Basic,7.99,Canceled,8/24/2025
U0613,Premium,17.99,Renewed,
U0614,Basic,7.99,Canceled,10/28/2024
U0615,Standard,12.99,Renewed,
U0616,Standard,12.99,Renewed,
U0617,Premium,17.99,Renewed,
U0618,Standard,12.99,Renewed,
U0619,Premium,17.99,Renewed,
U0620,Premium,17.99,Canceled,10/4/2024
U0621,Basic,7.99,Renewed,
U0622,Standard,12.99,Renewed,
U0623,Standard,12.99,Renewed,
U0624,Premium,17.99,Renewed,
U0625,Standard,12.99,Renewed,
U0626,Standard,12.99,Renewed,
U0627,Standard,12.99,Renewed,
U0628,Premium,17.99,Renewed,
U0629,Premium,17.99,Renewed,
U0630,Premium,17.99,Renewed,
U0631,Standard,12.99,Renewed,
U0632,Standard,12.99,Canceled,7/11/2025
U0633,Standard,12.99,Renewed,
U0634,Standard,12.99,Renewed,
U0635,Standard,12.99,Renewed,
U0636,Basic,7.99,Renewed,
U0637,Basic,7.99,Canceled,5/8/2025
U0638,Premium,17.99,Renewed,
U0639,Standard,12.99,Renewed,
U0640,Basic,7.99,Renewed,
U0641,Premium,17.99,Renewed,
U0642,Premium,17.99,Renewed,
U0643,Premium,17.99,Renewed,
U0644,Premium,17.99,Renewed,
U0645,Premium,17.99,Renewed,
U0646,Basic,7.99,Renewed,
U0647,Premium,17.99,Canceled,10/14/2024
U0648,Basic,7.99,Renewed,
U0649,Standard,12.99,Renewed,
U0650,Basic,7.99,Renewed,
U0651,Premium,17.99,Canceled,2/2/2025
U0652,Standard,12.99,Renewed,
U0653,Standard,12.99,Canceled,10/29/2024
U0654,Standard,12.99,Renewed,
U0655,Standard,12.99,Renewed,
U0656,Basic,7.99,Renewed,
U0657,Premium,17.99,Renewed,
U0658,Premium,17.99,Renewed,
U0659,Standard,12.99,Renewed,
U0660,Standard,12.99,Renewed,
U0661,Standard,12.99,Renewed,
U0662,Premium,17.99,Renewed,
U0663,Standard,12.99,Renewed,
U0664,Standard,12.99,Renewed,
U0665,Standard,12.99,Renewed,
U0666,Premium,17.99,Renewed,
U0667,Premium,17.99,Renewed,
U0668,Basic,7.99,Canceled,3/26/2025
U0669,Standard,12.99,Renewed,
U0670,Standard,12.99,Renewed,
U0671,Premium,17.99,Renewed,
U0672,Premium,17.99,Canceled,2/6/2025
U0673,Basic,7.99,Renewed,
U0674,Standard,12.99,Renewed,
U0675,Basic,7.99,Canceled,10/29/2024
U0676,Standard,12.99,Renewed,
U0677,Basic,7.99,Renewed,
U0678,Standard,12.99,Renewed,
U0679,Basic,7.99,Renewed,
U0680,Premium,17.99,Renewed,
U0681,Premium,17.99,Renewed,
U0682,Premium,17.99,Renewed,
U0683,Premium,17.99,Canceled,12/9/2024
U0684,Basic,7.99,Renewed,
U0685,Premium,17.99,Renewed,
U0686,Standard,12.99,Renewed,
U0687,Basic,7.99,Renewed,
U0688,Premium,17.99,Renewed,
U0689,Standard,12.99,Renewed,
U0690,Basic,7.99,Renewed,
U0691,Premium,17.99,Renewed,
U0692,Basic,7.99,Renewed,
U0693,Standard,12.99,Renewed,
U0694,Basic,7.99,Renewed,
U0695,Standard,12.99,Renewed,
U0696,Basic,7.99,Renewed,
U0697,Premium,17.99,Canceled,11/2/2024
U0698,Basic,7.99,Renewed,
U0699,Standard,12.99,Renewed,
U0700,Basic,7.99,Renewed,
U0701,Standard,12.99,Renewed,
U0702,Standard,12.99,Renewed,
U0703,Basic,7.99,Canceled,8/2/2025
U0704,Standard,12.99,Renewed,
U0705,Standard,12.99,Renewed,
U0706,Basic,7.99,Renewed,
U0707,Standard,12.99,Renewed,
U0708,Standard,12.99,Renewed,
U0709,Basic,7.99,Renewed,
U0710,Standard,12.99,Renewed,
U0711,Basic,7.99,Renewed,
U0712,Basic,7.99,Renewed,
U0713,Standard,12.99,Renewed,
U0714,Basic,7.99,Canceled,12/26/2024
U0715,Premium,17.99,Renewed,
U0716,Premium,17.99,Renewed,
U0717,Standard,12.99,Renewed,
U0718,Basic,7.99,Canceled,5/28/2024
U0719,Basic,7.99,Canceled,6/12/2024
U0720,Standard,12.99,Renewed,
U0721,Basic,7.99,Renewed,
U0722,Standard,12.99,Renewed,
U0723,Premium,17.99,Renewed,
U0724,Basic,7.99,Renewed,
U0725,Premium,17.99,Renewed,
U0726,Premium,17.99,Renewed,
U0727,Basic,7.99,Renewed,
U0728,Premium,17.99,Renewed,
U0729,Basic,7.99,Canceled,5/20/2025
U0730,Standard,12.99,Renewed,
U0731,Standard,12.99,Renewed,
U0732,Basic,7.99,Renewed,
U0733,Standard,12.99,Renewed,
U0734,Basic,7.99,Renewed,
U0735,Standard,12.99,Renewed,
U0736,Premium,17.99,Canceled,7/26/2025
U0737,Standard,12.99,Renewed,
U0738,Premium,17.99,Renewed,
U0739,Basic,7.99,Renewed,
U0740,Basic,7.99,Renewed,
U0741,Premium,17.99,Renewed,
U0742,Standard,12.99,Renewed,
U0743,Standard,12.99,Renewed,
U0744,Premium,17.99,Renewed,
U0745,Standard,12.99,Renewed,
U0746,Basic,7.99,Renewed,
U0747,Basic,7.99,Renewed,
U0748,Basic,7.99,Renewed,
U0749,Standard,12.99,Renewed,
U0750,Standard,12.99,Renewed,
U0751,Standard,12.99,Canceled,9/22/2025
U0752,Basic,7.99,Renewed,
U0753,Premium,17.99,Renewed,
U0754,Premium,17.99,Canceled,9/10/2024
U0755,Standard,12.99,Renewed,
U0756,Standard,12.99,Renewed,
U0757,Standard,12.99,Renewed,
U0758,Basic,7.99,Renewed,
U0759,Basic,7.99,Renewed,
U0760,Premium,17.99,Renewed,
U0761,Premium,17.99,Renewed,
U0762,Standard,12.99,Renewed,
U0763,Basic,7.99,Canceled,4/26/2025
U0764,Standard,12.99,Renewed,
U0765,Basic,7.99,Canceled,10/13/2024
U0766,Premium,17.99,Renewed,
U0767,Premium,17.99,Renewed,
U0768,Basic,7.99,Renewed,
U0769,Premium,17.99,Renewed,
U0770,Standard,12.99,Renewed,
U0771,Standard,12.99,Renewed,
U0772,Standard,12.99,Renewed,
U0773,Premium,17.99,Canceled,5/30/2024
U0774,Basic,7.99,Renewed,
U0775,Basic,7.99,Renewed,
U0776,Basic,7.99,Renewed,
U0777,Basic,7.99,Renewed,
U0778,Basic,7.99,Renewed,
U0779,Premium,17.99,Renewed,
U0780,Standard,12.99,Renewed,
U0781,Standard,12.99,Canceled,4/28/2025
U0782,Premium,17.99,Renewed,
U0783,Standard,12.99,Renewed,
U0784,Standard,12.99,Renewed,
U0785,Standard,12.99,Renewed,
U0786,Standard,12.99,Renewed,
U0787,Basic,7.99,Renewed,
U0788,Basic,7.99,Canceled,6/4/2024
U0789,Standard,12.99,Renewed,
U0790,Basic,7.99,Renewed,
U0791,Premium,17.99,Canceled,5/25/2025
U0792,Standard,12.99,Renewed,
U0793,Standard,12.99,Renewed,
U0794,Premium,17.99,Renewed,
U0795,Standard,12.99,Renewed,
U0796,Standard,12.99,Renewed,
U0797,Standard,12.99,Renewed,
U0798,Standard,12.99,Renewed,
U0799,Premium,17.99,Renewed,
U0800,Basic,7.99,Renewed,
U0801,Basic,7.99,Renewed,
U0802,Premium,17.99,Renewed,
U0803,Basic,7.99,Renewed,
U0804,Standard,12.99,Renewed,
U0805,Basic,7.99,Renewed,
U0806,Standard,12.99,Renewed,
U0807,Standard,12.99,Canceled,8/18/2024
U0808,Basic,7.99,Renewed,
U0809,Standard,12.99,Renewed,
U0810,Standard,12.99,Renewed,
U0811,Basic,7.99,Renewed,
U0812,Premium,17.99,Renewed,
U0813,Standard,12.99,Canceled,10/22/2024
U0814,Basic,7.99,Renewed,
U0815,Basic,7.99,Renewed,
U0816,Premium,17.99,Renewed,
U0817,Basic,7.99,Canceled,7/4/2024
U0818,Premium,17.99,Renewed,
U0819,Basic,7.99,Canceled,3/3/2025
U0820,Basic,7.99,Renewed,
U0821,Basic,7.99,Renewed,
U0822,Standard,12.99,Renewed,
U0823,Standard,12.99,Renewed,
U0824,Basic,7.99,Renewed,
U0825,Standard,12.99,Renewed,
U0826,Standard,12.99,Renewed,
U0827,Standard,12.99,Renewed,
U0828,Standard,12.99,Renewed,
U0829,Standard,12.99,Renewed,
U0830,Basic,7.99,Renewed,
U0831,Basic,7.99,Renewed,
U0832,Standard,12.99,Renewed,
U0833,Standard,12.99,Renewed,
U0834,Basic,7.99,Renewed,
U0835,Standard,12.99,Renewed,
U0836,Basic,7.99,Renewed,
U0837,Premium,17.99,Renewed,
U0838,Basic,7.99,Renewed,
U0839,Standard,12.99,Renewed,
U0840,Standard,12.99,Renewed,
U0841,Basic,7.99,Renewed,
U0842,Premium,17.99,Renewed,
U0843,Premium,17.99,Renewed,
U0844,Standard,12.99,Renewed,
U0845,Premium,17.99,Renewed,
U0846,Standard,12.99,Renewed,
U0847,Standard,12.99,Renewed,
U0848,Standard,12.99,Renewed,
U0849,Standard,12.99,Canceled,12/8/2024
U0850,Basic,7.99,Renewed,
U0851,Basic,7.99,Renewed,
U0852,Standard,12.99,Renewed,
U0853,Standard,12.99,Renewed,
U0854,Premium,17.99,Renewed,
U0855,Basic,7.99,Renewed,
U0856,Premium,17.99,Renewed,
U0857,Premium,17.99,Renewed,
U0858,Premium,17.99,Canceled,5/27/2024
U0859,Premium,17.99,Renewed,
U0860,Premium,17.99,Renewed,
U0861,Premium,17.99,Renewed,
U0862,Standard,12.99,Renewed,
U0863,Basic,7.99,Renewed,
U0864,Standard,12.99,Renewed,
U0865,Standard,12.99,Renewed,
U0866,Basic,7.99,Renewed,
U0867,Premium,17.99,Renewed,
U0868,Standard,12.99,Renewed,
U0869,Basic,7.99,Renewed,
U0870,Standard,12.99,Canceled,4/22/2025
U0871,Premium,17.99,Renewed,
U0872,Premium,17.99,Renewed,
U0873,Standard,12.99,Renewed,
U0874,Standard,12.99,Renewed,
U0875,Premium,17.99,Renewed,
U0876,Basic,7.99,Renewed,
U0877,Premium,17.99,Canceled,4/22/2024
U0878,Basic,7.99,Renewed,
U0879,Standard,12.99,Renewed,
U0880,Premium,17.99,Renewed,
U0881,Premium,17.99,Renewed,
U0882,Premium,17.99,Renewed,
U0883,Basic,7.99,Renewed,
U0884,Standard,12.99,Renewed,
U0885,Premium,17.99,Renewed,
U0886,Standard,12.99,Renewed,
U0887,Basic,7.99,Canceled,5/20/2025
U0888,Premium,17.99,Renewed,
U0889,Standard,12.99,Renewed,
U0890,Premium,17.99,Renewed,
U0891,Premium,17.99,Renewed,
U0892,Basic,7.99,Renewed,
U0893,Basic,7.99,Renewed,
U0894,Basic,7.99,Renewed,
U0895,Basic,7.99,Renewed,
U0896,Premium,17.99,Renewed,
U0897,Standard,12.99,Canceled,1/18/2025
U0898,Standard,12.99,Renewed,
U0899,Standard,12.99,Renewed,
U0900,Standard,12.99,Renewed,
U0901,Standard,12.99,Renewed,
U0902,Standard,12.99,Renewed,
U0903,Standard,12.99,Renewed,
U0904,Standard,12.99,Renewed,
U0905,Basic,7.99,Renewed,
U0906,Standard,12.99,Renewed,
U0907,Basic,7.99,Renewed,
U0908,Basic,7.99,Renewed,
U0909,Premium,17.99,Renewed,
U0910,Premium,17.99,Renewed,
U0911,Standard,12.99,Renewed,
U0912,Premium,17.99,Renewed,
U0913,Standard,12.99,Renewed,
U0914,Standard,12.99,Renewed,
U0915,Basic,7.99,Renewed,
U0916,Premium,17.99,Renewed,
U0917,Basic,7.99,Renewed,
U0918,Premium,17.99,Renewed,
U0919,Basic,7.99,Renewed,
U0920,Basic,7.99,Renewed,
U0921,Standard,12.99,Renewed,
U0922,Standard,12.99,Renewed,
U0923,Basic,7.99,Renewed,
U0924,Standard,12.99,Canceled,9/12/2024
U0925,Standard,12.99,Renewed,
U0926,Standard,12.99,Renewed,
U0927,Premium,17.99,Canceled,10/13/2024
U0928,Basic,7.99,Canceled,9/18/2025
U0929,Standard,12.99,Renewed,
U0930,Standard,12.99,Renewed,
U0931,Standard,12.99,Renewed,
U0932,Basic,7.99,Renewed,
U0933,Premium,17.99,Renewed,
U0934,Basic,7.99,Renewed,
U0935,Standard,12.99,Renewed,
U0936,Premium,17.99,Canceled,2/5/2025
U0937,Standard,12.99,Renewed,
U0938,Standard,12.99,Renewed,
U0939,Basic,7.99,Renewed,
U0940,Premium,17.99,Renewed,
U0941,Basic,7.99,Renewed,
U0942,Standard,12.99,Renewed,
U0943,Standard,12.99,Renewed,
U0944,Standard,12.99,Renewed,
U0945,Basic,7.99,Renewed,
U0946,Standard,12.99,Canceled,11/21/2024
U0947,Basic,7.99,Renewed,
U0948,Basic,7.99,Renewed,
U0949,Premium,17.99,Renewed,
U0950,Basic,7.99,Renewed,
U0951,Basic,7.99,Renewed,
U0952,Standard,12.99,Renewed,
U0953,Standard,12.99,Renewed,
U0954,Premium,17.99,Renewed,
U0955,Basic,7.99,Renewed,
U0956,Standard,12.99,Renewed,
U0957,Premium,17.99,Renewed,
U0958,Basic,7.99,Renewed,
U0959,Premium,17.99,Renewed,
U0960,Basic,7.99,Renewed,
U0961,Standard,12.99,Renewed,
U0962,Premium,17.99,Renewed,
U0963,Basic,7.99,Renewed,
U0964,Premium,17.99,Renewed,
U0965,Premium,17.99,Renewed,
U0966,Basic,7.99,Renewed,
U0967,Premium,17.99,Renewed,
U0968,Basic,7.99,Renewed,
U0969,Premium,17.99,Renewed,
U0970,Standard,12.99,Renewed,
U0971,Standard,12.99,Renewed,
U0972,Standard,12.99,Canceled,1/26/2025
U0973,Standard,12.99,Renewed,
U0974,Basic,7.99,Canceled,9/17/2024
U0975,Premium,17.99,Canceled,11/3/2024
U0976,Basic,7.99,Renewed,
U0977,Premium,17.99,Renewed,
U0978,Basic,7.99,Canceled,7/28/2025
U0979,Standard,12.99,Renewed,
U0980,Standard,12.99,Renewed,
U0981,Standard,12.99,Renewed,
U0982,Premium,17.99,Renewed,
U0983,Standard,12.99,Renewed,
U0984,Basic,7.99,Renewed,
U0985,Standard,12.99,Renewed,
U0986,Standard,12.99,Renewed,
U0987,Standard,12.99,Canceled,5/17/2025
U0988,Basic,7.99,Renewed,
U0989,Premium,17.99,Renewed,
U0990,Standard,12.99,Renewed,
U0991,Basic,7.99,Renewed,
U0992,Standard,12.99,Renewed,
U0993,Standard,12.99,Canceled,4/11/2025
U0994,Standard,12.99,Renewed,
U0995,Standard,12.99,Renewed,
U0996,Premium,17.99,Renewed,
U0997,Standard,12.99,Renewed,
U0998,Standard,12.99,Canceled,8/21/2024
U0999,Basic,7.99,Renewed,
U1000,Standard,12.99,Renewed,