User_ID,Age,Gender,Country,Subscription_Start_Date,Subscription_Status
U0001,40,Male,Netherlands,8/13/2024,Inactive
U0002,32,Male,Kenya,6/30/2023,Inactive
U0003,42,Female,New Zealand,4/24/2023,Active
U0004,52,Female,Indonesia,11/4/2023,Active
U0005,31,Male,Egypt,10/12/2023,Active
U0006,31,Female,Sweden,9/25/2023,Inactive
U0007,53,Male,Pakistan,7/22/2023,Active
U0008,43,Female,Ukraine,6/23/2023,Active
U0009,28,Female,Colombia,9/11/2024,Active
U0010,41,Female,Pakistan,6/1/2024,Active
U0011,28,Female,Egypt,6/11/2023,Active
U0012,28,Female,Brazil,7/6/2024,Active
U0013,37,Male,Denmark,2/26/2024,Active
U0014,13,Female,South Africa,4/29/2023,Active
U0015,13,Male,Denmark,4/28/2023,Active
U0016,27,Female,Brazil,6/16/2023,Active
U0017,22,Female,United States,9/21/2023,Active
U0018,38,Female,South Africa,10/2/2023,Active
U0019,23,Male,Poland,5/1/2024,Active
U0020,17,Female,Netherlands,7/15/2024,Active
U0021,52,Female,Netherlands,4/25/2023,Active
U0022,31,Female,Poland,6/13/2024,Active
U0023,35,Male,New Zealand,9/6/2023,Active
U0024,17,Male,Indonesia,8/21/2024,Active
U0025,27,Male,Thailand,6/1/2024,Active
U0026,35,Male,France,2/24/2024,Active
U0027,20,Female,Netherlands,9/23/2023,Inactive
U0028,39,Male,Bangladesh,3/18/2024,Active
U0029,27,Non-binary,Vietnam,7/5/2024,Active
U0030,30,Male,India,11/6/2023,Active
U0031,27,Male,Japan,4/9/2023,Inactive
U0032,56,Female,India,8/6/2023,Active
U0033,34,Female,Kenya,2/27/2024,Active
U0034,21,Female,Nigeria,12/25/2023,Active
U0035,44,Female,Nigeria,11/6/2023,Active
U0036,19,Female,Canada,8/3/2023,Active
U0037,37,Male,Germany,9/19/2023,Active
U0038,13,Prefer not to say,Japan,12/22/2023,Inactive
U0039,18,Non-binary,New Zealand,6/23/2023,Active
U0040,36,Female,Russia,6/15/2023,Active
U0041,43,Male,Nigeria,1/25/2024,Active
U0042,36,Female,Ukraine,6/19/2023,Active
U0043,33,Male,South Africa,1/8/2024,Active
U0044,30,Male,Thailand,12/28/2023,Inactive
U0045,16,Male,Kenya,7/16/2024,Active
U0046,25,Male,New Zealand,10/27/2023,Active
U0047,28,Female,Poland,5/8/2023,Active
U0048,47,Female,Argentina,3/26/2024,Active
U0049,38,Female,Canada,5/25/2024,Active
U0050,13,Male,Philippines,7/10/2023,Active
U0051,38,Male,Norway,1/23/2024,Active
U0052,29,Male,Canada,6/5/2023,Active
U0053,26,Non-binary,Denmark,6/6/2024,Active
U0054,41,Male,Brazil,11/18/2023,Inactive
U0055,46,Female,Norway,8/5/2024,Active
U0056,45,Female,Mexico,7/28/2024,Active
U0057,24,Male,Nigeria,1/10/2024,Active
U0058,30,Female,Sweden,6/26/2024,Active
U0059,38,Female,Thailand,9/1/2023,Active
U0060,46,Female,United Kingdom,5/28/2023,Inactive
U0061,28,Female,Kenya,5/10/2023,Active
U0062,32,Male,Spain,8/30/2024,Active
U0063,21,Male,Vietnam,9/28/2023,Active
U0064,20,Female,Canada,11/15/2023,Active
U0065,44,Female,Philippines,6/5/2023,Active
U0066,50,Male,Israel,10/2/2023,Active
U0067,33,Female,United Kingdom,6/22/2023,Active
U0068,46,Female,Chile,1/25/2024,Active
U0069,38,Female,Japan,11/6/2023,Active
U0070,26,Male,Canada,3/22/2024,Active
U0071,38,Female,Colombia,8/10/2024,Active
U0072,52,Female,Poland,1/13/2024,Active
U0073,34,Male,Saudi Arabia,8/9/2023,Inactive
U0074,53,Male,United States,1/17/2024,Active
U0075,13,Non-binary,Argentina,1/5/2024,Active
U0076,44,Male,Indonesia,9/14/2023,Active
U0077,35,Female,Ukraine,9/6/2024,Active
U0078,30,Female,Egypt,10/29/2023,Active
U0079,35,Male,South Korea,9/16/2024,Active
U0080,13,Female,Bangladesh,8/20/2024,Active
U0081,31,Male,India,5/30/2023,Inactive
U0082,38,Female,Pakistan,7/21/2024,Active
U0083,52,Male,Israel,8/10/2024,Active
U0084,28,Female,Thailand,8/15/2023,Active
U0085,24,Male,Egypt,5/23/2024,Active
U0086,28,Male,Nigeria,10/12/2023,Active
U0087,45,Non-binary,Russia,8/9/2023,Active
U0088,38,Male,Saudi Arabia,3/28/2024,Active
U0089,28,Female,Sweden,1/24/2024,Active
U0090,40,Male,Israel,10/31/2023,Active
U0091,35,Female,Japan,8/14/2024,Active
U0092,46,Male,Turkey,9/20/2024,Active
U0093,26,Non-binary,Australia,6/10/2024,Active
U0094,30,Male,United Kingdom,9/22/2023,Inactive
U0095,29,Male,United Kingdom,9/17/2024,Active
U0096,16,Male,Thailand,12/12/2023,Active
U0097,38,Male,Argentina,5/18/2023,Inactive
U0098,37,Female,India,9/29/2023,Active
U0099,34,Male,Denmark,4/29/2023,Active
U0100,31,Female,Australia,12/5/2023,Active
U0101,17,Male,Russia,2/10/2024,Active
U0102,29,Male,New Zealand,10/29/2023,Active
U0103,30,Female,Pakistan,5/26/2023,Active
U0104,24,Female,Turkey,9/15/2023,Active
U0105,32,Male,Thailand,6/18/2024,Active
U0106,39,Male,Ukraine,12/5/2023,Inactive
U0107,57,Male,Italy,9/17/2023,Active
U0108,36,Female,Germany,8/26/2024,Active
U0109,37,Female,Ukraine,4/26/2024,Inactive
U0110,33,Male,United States,2/6/2024,Active
U0111,13,Female,United States,8/16/2024,Inactive
U0112,34,Female,Kenya,3/26/2024,Active
U0113,35,Female,South Africa,7/24/2023,Active
U0114,64,Female,Philippines,10/27/2023,Active
U0115,32,Male,Norway,7/22/2023,Active
U0116,38,Male,Nigeria,10/13/2023,Active
U0117,34,Male,Thailand,6/13/2024,Inactive
U0118,20,Male,Saudi Arabia,5/27/2024,Active
U0119,48,Female,South Korea,10/25/2023,Active
U0120,43,Female,Vietnam,7/1/2024,Inactive
U0121,43,Male,Denmark,3/2/2024,Active
U0122,23,Male,Israel,7/1/2024,Active
U0123,51,Male,France,2/9/2024,Inactive
U0124,17,Female,Netherlands,1/11/2024,Active
U0125,41,Male,Turkey,9/22/2023,Active
U0126,60,Female,Poland,7/21/2023,Inactive
U0127,22,Male,Israel,5/4/2024,Active
U0128,27,Male,United States,4/22/2024,Active
U0129,35,Non-binary,South Korea,6/14/2023,Active
U0130,28,Non-binary,Germany,5/11/2023,Active
U0131,15,Male,France,6/29/2023,Inactive
U0132,35,Female,Japan,8/1/2023,Active
U0133,21,Female,Pakistan,8/4/2024,Active
U0134,40,Female,United Kingdom,8/7/2023,Active
U0135,23,Male,Denmark,9/14/2024,Active
U0136,53,Female,Germany,2/26/2024,Active
U0137,25,Female,Indonesia,7/11/2024,Active
U0138,30,Female,Vietnam,5/24/2023,Active
U0139,44,Male,Vietnam,1/28/2024,Active
U0140,19,Male,Spain,1/26/2024,Active
U0141,37,Male,Argentina,7/10/2024,Active
U0142,50,Female,Japan,4/2/2024,Active
U0143,15,Male,Ukraine,5/19/2024,Active
U0144,36,Female,Ukraine,10/17/2023,Active
U0145,37,Non-binary,Ukraine,6/7/2024,Active
U0146,43,Male,Saudi Arabia,4/13/2023,Active
U0147,19,Female,India,9/14/2024,Active
U0148,18,Male,Spain,7/2/2023,Active
U0149,40,Female,Germany,9/15/2024,Active
U0150,38,Male,Nigeria,5/25/2024,Active
U0151,37,Female,Sweden,10/29/2023,Active
U0152,38,Female,Philippines,8/14/2024,Inactive
U0153,26,Female,Brazil,12/25/2023,Active
U0154,37,Female,Colombia,6/30/2023,Active
U0155,38,Female,Australia,11/18/2023,Inactive
U0156,25,Female,UAE,3/7/2024,Active
U0157,56,Female,Germany,8/5/2023,Inactive
U0158,40,Female,France,3/22/2024,Active
U0159,20,Male,Ukraine,4/7/2023,Active
U0160,42,Female,Brazil,10/26/2023,Active
U0161,22,Female,Turkey,4/27/2024,Active
U0162,43,Female,UAE,8/21/2023,Active
U0163,48,Male,India,5/3/2024,Active
U0164,24,Female,United Kingdom,6/26/2023,Active
U0165,46,Male,Turkey,8/2/2024,Active
U0166,39,Female,Australia,11/22/2023,Active
U0167,44,Male,Egypt,8/13/2024,Active
U0168,57,Female,Egypt,5/3/2024,Inactive
U0169,31,Prefer not to say,Denmark,7/20/2024,Active
U0170,25,Male,Germany,9/6/2023,Active
U0171,23,Non-binary,United States,8/1/2023,Active
U0172,24,Male,Thailand,1/20/2024,Active
U0173,33,Female,Pakistan,8/8/2023,Active
U0174,38,Female,Saudi Arabia,5/27/2024,Active
U0175,37,Female,Brazil,5/20/2024,Active
U0176,44,Female,Turkey,4/5/2023,Active
U0177,34,Female,Denmark,7/13/2024,Active
U0178,51,Male,Russia,12/12/2023,Active
U0179,31,Male,Colombia,4/18/2024,Active
U0180,67,Female,Saudi Arabia,4/20/2023,Active
U0181,42,Female,Nigeria,6/30/2023,Active
U0182,24,Female,UAE,1/11/2024,Active
U0183,21,Female,Pakistan,11/29/2023,Active
U0184,40,Male,South Africa,10/7/2023,Active
U0185,31,Female,Ukraine,5/19/2023,Active
U0186,43,Male,Egypt,10/9/2023,Active
U0187,40,Female,Netherlands,6/18/2024,Active
U0188,33,Male,Thailand,6/5/2023,Active
U0189,24,Male,France,6/10/2023,Active
U0190,16,Male,Colombia,4/16/2024,Active
U0191,29,Male,Ukraine,5/28/2023,Active
U0192,44,Female,Russia,5/22/2024,Active
U0193,37,Male,South Africa,7/11/2023,Active
U0194,19,Male,Vietnam,7/13/2023,Active
U0195,36,Male,Turkey,8/29/2024,Active
U0196,39,Male,Denmark,4/8/2024,Inactive
U0197,23,Male,Poland,6/4/2024,Active
U0198,36,Male,Egypt,8/11/2023,Active
U0199,35,Female,Denmark,10/27/2023,Active
U0200,20,Female,Thailand,5/18/2024,Active
U0201,38,Female,France,7/19/2024,Active
U0202,41,Male,Colombia,2/27/2024,Active
U0203,47,Male,Kenya,9/16/2023,Active
U0204,47,Female,Poland,5/27/2024,Active
U0205,17,Female,Spain,9/21/2024,Active
U0206,23,Male,Colombia,9/8/2023,Inactive
U0207,40,Male,South Africa,12/3/2023,Inactive
U0208,40,Male,Indonesia,2/8/2024,Active
U0209,40,Male,Australia,9/7/2024,Active
U0210,80,Male,Spain,8/21/2024,Active
U0211,41,Female,Russia,1/19/2024,Active
U0212,48,Female,Israel,3/10/2024,Active
U0213,45,Female,Denmark,5/10/2024,Active
U0214,42,Female,New Zealand,3/20/2024,Active
U0215,30,Female,Pakistan,7/7/2023,Inactive
U0216,43,Female,India,10/14/2023,Active
U0217,25,Female,Argentina,9/26/2023,Active
U0218,31,Male,Vietnam,5/24/2023,Active
U0219,28,Male,Denmark,12/23/2023,Active
U0220,35,Male,Colombia,4/21/2023,Active
U0221,62,Female,Mexico,7/4/2024,Active
U0222,13,Female,Vietnam,6/8/2024,Active
U0223,42,Male,Nigeria,9/30/2023,Active
U0224,15,Female,Thailand,7/4/2024,Active
U0225,28,Male,Germany,9/22/2023,Active
U0226,47,Female,Italy,4/10/2023,Active
U0227,35,Male,Saudi Arabia,5/30/2023,Active
U0228,21,Male,Sweden,8/7/2024,Active
U0229,25,Female,Netherlands,5/20/2023,Active
U0230,42,Male,Colombia,9/29/2023,Active
U0231,25,Male,Colombia,5/27/2023,Active
U0232,37,Male,New Zealand,4/29/2023,Inactive
U0233,35,Female,Australia,12/17/2023,Active
U0234,26,Female,Netherlands,5/29/2023,Active
U0235,60,Male,South Africa,5/8/2024,Active
U0236,42,Female,Israel,10/6/2023,Active
U0237,13,Female,United Kingdom,11/7/2023,Active
U0238,36,Male,France,9/5/2024,Active
U0239,26,Male,Brazil,4/15/2024,Active
U0240,44,Male,South Korea,9/18/2023,Active
U0241,24,Male,Chile,5/27/2024,Inactive
U0242,33,Female,Australia,7/16/2023,Active
U0243,40,Male,UAE,6/21/2024,Active
U0244,44,Female,Philippines,6/25/2024,Inactive
U0245,20,Female,UAE,4/6/2024,Active
U0246,30,Male,United Kingdom,10/10/2023,Active
U0247,28,Female,Norway,4/6/2024,Active
U0248,26,Male,Egypt,2/15/2024,Active
U0249,55,Non-binary,Chile,8/30/2023,Active
U0250,39,Female,Poland,6/17/2023,Active
U0251,19,Female,Canada,6/19/2023,Active
U0252,45,Female,Pakistan,8/28/2024,Active
U0253,59,Male,Saudi Arabia,3/4/2024,Active
U0254,46,Female,Japan,1/5/2024,Active
U0255,16,Female,Japan,2/27/2024,Active
U0256,28,Female,Saudi Arabia,2/18/2024,Inactive
U0257,49,Female,South Africa,4/1/2024,Active
U0258,26,Female,Netherlands,5/16/2023,Inactive
U0259,39,Male,Indonesia,9/8/2024,Inactive
U0260,43,Male,Italy,8/24/2024,Active
U0261,23,Female,Japan,8/18/2024,Active
U0262,33,Male,Italy,6/20/2023,Active
U0263,13,Female,United Kingdom,5/21/2023,Active
U0264,22,Female,United States,2/11/2024,Active
U0265,31,Male,Russia,12/24/2023,Active
U0266,19,Male,Bangladesh,6/28/2023,Active
U0267,54,Female,Ukraine,10/15/2023,Inactive
U0268,17,Male,United States,8/31/2023,Inactive
U0269,29,Female,Argentina,8/30/2023,Active
U0270,36,Male,Ukraine,5/25/2024,Active
U0271,51,Female,Brazil,3/18/2024,Active
U0272,17,Male,Netherlands,7/22/2023,Active
U0273,48,Female,France,2/26/2024,Active
U0274,34,Male,Sweden,8/25/2023,Active
U0275,22,Female,United States,11/7/2023,Active
U0276,40,Male,Russia,3/29/2024,Inactive
U0277,36,Female,Saudi Arabia,10/15/2023,Active
U0278,27,Female,Canada,6/2/2023,Active
U0279,35,Male,India,3/14/2024,Active
U0280,29,Male,Sweden,6/5/2024,Active
U0281,35,Male,Turkey,6/19/2023,Active
U0282,42,Female,Mexico,5/14/2023,Inactive
U0283,53,Female,Germany,8/23/2024,Active
U0284,19,Female,Japan,5/28/2024,Active
U0285,60,Male,South Korea,4/16/2023,Active
U0286,13,Male,Israel,6/16/2023,Active
U0287,32,Female,Denmark,10/5/2023,Active
U0288,41,Female,Saudi Arabia,8/12/2023,Active
U0289,37,Non-binary,Netherlands,2/14/2024,Active
U0290,27,Male,United Kingdom,4/16/2024,Active
U0291,32,Female,Mexico,4/12/2024,Active
U0292,28,Male,Brazil,9/17/2023,Active
U0293,27,Male,Australia,2/10/2024,Inactive
U0294,44,Female,Turkey,5/20/2023,Active
U0295,38,Female,South Africa,8/10/2023,Active
U0296,26,Prefer not to say,Israel,1/24/2024,Active
U0297,45,Male,Chile,4/6/2023,Active
U0298,38,Male,Canada,2/2/2024,Active
U0299,44,Female,Colombia,10/27/2023,Active
U0300,42,Female,Turkey,3/23/2024,Active
U0301,24,Male,Chile,11/12/2023,Inactive
U0302,27,Male,Israel,2/27/2024,Active
U0303,43,Male,Canada,6/9/2024,Inactive
U0304,41,Female,Canada,8/31/2024,Active
U0305,34,Male,Indonesia,4/16/2024,Inactive
U0306,35,Male,Brazil,8/3/2023,Active
U0307,49,Male,South Korea,8/30/2023,Active
U0308,27,Male,Turkey,11/21/2023,Inactive
U0309,41,Male,United Kingdom,9/21/2023,Active
U0310,32,Female,Netherlands,5/20/2023,Inactive
U0311,31,Male,India,6/27/2024,Active
U0312,47,Female,Mexico,5/30/2024,Active
U0313,44,Male,Vietnam,5/22/2023,Active
U0314,44,Female,Philippines,12/4/2023,Inactive
U0315,50,Female,United States,5/19/2023,Active
U0316,34,Female,Colombia,5/13/2023,Active
U0317,42,Female,Japan,7/1/2024,Active
U0318,30,Male,Brazil,4/9/2024,Active
U0319,38,Male,Egypt,4/29/2024,Active
U0320,32,Female,South Africa,5/21/2024,Active
U0321,35,Prefer not to say,South Africa,8/5/2023,Active
U0322,41,Female,Bangladesh,5/19/2023,Active
U0323,24,Female,UAE,5/3/2024,Active
U0324,59,Female,South Korea,6/6/2023,Inactive
U0325,22,Male,Colombia,8/27/2023,Active
U0326,19,Male,India,5/28/2023,Active
U0327,48,Female,Australia,7/10/2024,Active
U0328,43,Female,Norway,5/27/2023,Active
U0329,41,Male,Norway,9/10/2024,Active
U0330,42,Female,Russia,10/4/2023,Active
U0331,34,Male,Netherlands,2/12/2024,Active
U0332,23,Female,Kenya,7/7/2023,Inactive
U0333,35,Male,Australia,6/20/2024,Active
U0334,26,Male,Mexico,10/13/2023,Inactive
U0335,46,Female,Thailand,6/27/2024,Inactive
U0336,32,Male,Pakistan,7/9/2024,Active
U0337,24,Female,Argentina,5/5/2023,Active
U0338,30,Female,UAE,7/29/2024,Active
U0339,39,Female,Japan,6/7/2023,Active
U0340,27,Male,Germany,2/24/2024,Active
U0341,24,Male,Brazil,8/27/2024,Active
U0342,37,Male,India,7/1/2024,Active
U0343,37,Prefer not to say,Netherlands,6/16/2024,Active
U0344,28,Female,Nigeria,5/14/2024,Active
U0345,28,Female,Poland,12/6/2023,Active
U0346,37,Female,South Korea,10/24/2023,Inactive
U0347,17,Female,Mexico,9/10/2023,Active
U0348,17,Female,Turkey,9/6/2024,Active
U0349,25,Male,Nigeria,12/4/2023,Active
U0350,31,Female,Turkey,10/7/2023,Active
U0351,38,Male,Denmark,10/28/2023,Active
U0352,52,Female,Poland,2/6/2024,Inactive
U0353,44,Female,Argentina,7/15/2023,Active
U0354,32,Female,South Korea,9/7/2024,Active
U0355,34,Male,Philippines,8/18/2024,Active
U0356,22,Male,Indonesia,11/23/2023,Inactive
U0357,34,Male,Nigeria,3/25/2024,Active
U0358,31,Male,Australia,12/6/2023,Active
U0359,38,Male,UAE,5/31/2023,Active
U0360,24,Female,Israel,4/12/2023,Active
U0361,40,Female,Colombia,3/25/2024,Active
U0362,52,Male,India,7/30/2024,Active
U0363,33,Male,Pakistan,6/15/2024,Inactive
U0364,39,Male,Netherlands,6/21/2023,Active
U0365,42,Female,Spain,5/31/2023,Active
U0366,29,Female,France,5/26/2024,Active
U0367,37,Female,Philippines,9/17/2023,Active
U0368,34,Female,Thailand,5/1/2024,Active
U0369,35,Prefer not to say,Denmark,10/27/2023,Active
U0370,25,Female,United States,7/16/2023,Inactive
U0371,34,Male,South Africa,1/1/2024,Active
U0372,40,Female,Sweden,5/28/2023,Active
U0373,51,Male,Vietnam,10/11/2023,Active
U0374,46,Female,Turkey,1/16/2024,Active
U0375,60,Male,Germany,11/12/2023,Active
U0376,25,Female,Russia,8/5/2023,Active
U0377,44,Female,Nigeria,3/10/2024,Active
U0378,36,Female,Argentina,5/30/2024,Inactive
U0379,60,Female,Brazil,11/25/2023,Active
U0380,24,Male,South Africa,7/23/2024,Active
U0381,24,Male,Spain,8/24/2024,Active
U0382,27,Male,Poland,5/19/2024,Inactive
U0383,13,Male,Ukraine,4/10/2023,Active
U0384,28,Female,Colombia,9/4/2024,Active
U0385,25,Male,India,6/8/2024,Active
U0386,36,Non-binary,Indonesia,11/23/2023,Active
U0387,38,Female,Philippines,9/1/2024,Active
U0388,57,Female,New Zealand,6/24/2023,Active
U0389,45,Male,Vietnam,7/18/2023,Active
U0390,27,Female,Bangladesh,10/27/2023,Active
U0391,23,Female,Norway,7/3/2023,Active
U0392,40,Female,India,6/27/2023,Active
U0393,18,Female,Egypt,6/7/2024,Active
U0394,56,Female,Egypt,8/3/2023,Active
U0395,48,Male,Brazil,11/2/2023,Inactive
U0396,28,Female,Ukraine,11/9/2023,Active
U0397,13,Male,New Zealand,7/17/2024,Inactive
U0398,50,Male,Pakistan,9/15/2023,Active
U0399,33,Male,Denmark,12/27/2023,Active
U0400,49,Male,Colombia,9/10/2023,Inactive
U0401,15,Male,Germany,9/19/2024,Active
U0402,27,Male,Bangladesh,8/9/2024,Active
U0403,34,Non-binary,Japan,10/26/2023,Active
U0404,35,Female,Sweden,5/1/2024,Active
U0405,29,Non-binary,Egypt,4/18/2024,Active
U0406,41,Male,Kenya,10/16/2023,Active
U0407,21,Male,South Africa,5/14/2023,Active
U0408,32,Female,South Africa,6/15/2023,Active
U0409,35,Male,Poland,8/9/2024,Active
U0410,40,Male,Ukraine,2/27/2024,Active
U0411,43,Female,Colombia,11/5/2023,Active
U0412,21,Male,Ukraine,5/9/2023,Active
U0413,16,Female,Thailand,4/7/2023,Inactive
U0414,49,Female,Saudi Arabia,12/19/2023,Active
U0415,38,Male,Nigeria,7/15/2023,Inactive
U0416,25,Male,Mexico,8/11/2024,Active
U0417,53,Female,Saudi Arabia,10/25/2023,Active
U0418,35,Male,Italy,8/8/2023,Active
U0419,48,Male,Brazil,3/13/2024,Active
U0420,35,Prefer not to say,Nigeria,6/6/2024,Active
U0421,59,Male,Ukraine,3/2/2024,Active
U0422,55,Female,Brazil,6/13/2024,Active
U0423,31,Non-binary,Russia,4/12/2023,Inactive
U0424,46,Male,South Korea,6/30/2023,Active
U0425,42,Male,Canada,6/2/2023,Active
U0426,50,Male,Chile,9/22/2024,Active
U0427,22,Male,Sweden,7/29/2023,Active
U0428,42,Male,Sweden,6/1/2024,Active
U0429,47,Female,Israel,5/2/2023,Active
U0430,13,Male,Denmark,1/16/2024,Inactive
U0431,20,Female,UAE,6/30/2024,Active
U0432,13,Prefer not to say,New Zealand,6/7/2024,Active
U0433,31,Female,Russia,7/28/2023,Active
U0434,43,Female,India,3/3/2024,Active
U0435,52,Male,Turkey,7/12/2023,Active
U0436,35,Female,Sweden,5/7/2023,Active
U0437,54,Female,Pakistan,11/30/2023,Active
U0438,17,Male,Netherlands,1/13/2024,Active
U0439,14,Male,Italy,5/5/2023,Active
U0440,33,Female,Russia,1/7/2024,Active
U0441,39,Male,Nigeria,9/15/2023,Active
U0442,34,Male,United Kingdom,9/15/2024,Active
U0443,13,Male,Thailand,10/15/2023,Active
U0444,33,Male,Spain,9/3/2024,Inactive
U0445,18,Female,Egypt,6/23/2023,Inactive
U0446,42,Female,Thailand,1/4/2024,Active
U0447,38,Female,United States,6/12/2024,Active
U0448,23,Male,Russia,2/14/2024,Active
U0449,28,Male,Egypt,7/29/2024,Active
U0450,21,Female,Saudi Arabia,8/2/2023,Inactive
U0451,33,Male,Brazil,10/5/2023,Active
U0452,45,Male,Norway,8/9/2023,Inactive
U0453,22,Female,Norway,8/20/2023,Inactive
U0454,40,Male,Brazil,2/19/2024,Active
U0455,28,Female,Ukraine,4/24/2023,Active
U0456,24,Male,Israel,8/22/2023,Active
U0457,33,Male,Pakistan,12/18/2023,Inactive
U0458,22,Male,Canada,2/18/2024,Active
U0459,27,Non-binary,UAE,9/6/2024,Inactive
U0460,20,Female,Colombia,10/14/2023,Active
U0461,58,Female,Russia,10/29/2023,Active
U0462,34,Female,Mexico,8/6/2023,Inactive
U0463,26,Male,Norway,6/27/2023,Active
U0464,37,Female,Saudi Arabia,1/27/2024,Active
U0465,33,Male,Bangladesh,5/4/2023,Active
U0466,31,Female,United Kingdom,4/4/2024,Active
U0467,41,Male,Israel,9/24/2023,Active
U0468,43,Female,Colombia,9/6/2023,Active
U0469,28,Male,Poland,3/27/2024,Inactive
U0470,27,Male,Pakistan,1/1/2024,Inactive
U0471,31,Female,Philippines,11/27/2023,Active
U0472,13,Male,Bangladesh,9/28/2023,Active
U0473,16,Male,Russia,9/25/2023,Active
U0474,50,Male,Indonesia,4/23/2023,Active
U0475,54,Male,Israel,8/29/2024,Inactive
U0476,31,Female,United States,9/1/2023,Active
U0477,41,Female,Kenya,2/8/2024,Active
U0478,38,Female,Thailand,12/15/2023,Active
U0479,71,Female,Chile,11/7/2023,Active
U0480,47,Male,Colombia,5/28/2023,Active
U0481,32,Female,Thailand,11/7/2023,Active
U0482,23,Male,Poland,1/2/2024,Active
U0483,15,Male,Vietnam,8/15/2024,Active
U0484,36,Female,Japan,5/4/2024,Active
U0485,25,Male,Turkey,2/9/2024,Active
U0486,17,Female,Ukraine,9/13/2024,Active
U0487,26,Male,Spain,5/25/2024,Active
U0488,21,Female,Italy,12/18/2023,Active
U0489,54,Female,Australia,4/26/2023,Active
U0490,45,Female,Australia,7/3/2023,Active
U0491,34,Female,Bangladesh,10/24/2023,Active
U0492,52,Female,New Zealand,8/21/2023,Inactive
U0493,35,Male,Italy,6/28/2024,Inactive
U0494,24,Female,Poland,10/28/2023,Active
U0495,52,Male,Chile,5/4/2023,Inactive
U0496,40,Female,Chile,6/28/2023,Active
U0497,22,Female,Russia,7/11/2024,Active
U0498,32,Female,Brazil,3/7/2024,Active
U0499,23,Male,Italy,12/29/2023,Active
U0500,17,Male,Russia,12/4/2023,Active
U0501,45,Female,Sweden,3/8/2024,Active
U0502,57,Male,Australia,7/18/2024,Active
U0503,17,Male,Denmark,5/6/2024,Active
U0504,41,Male,Netherlands,7/3/2023,Active
U0505,26,Female,New Zealand,1/29/2024,Inactive
U0506,28,Female,India,6/25/2024,Active
U0507,27,Male,Bangladesh,8/30/2023,Active
U0508,24,Male,Netherlands,10/19/2023,Active
U0509,35,Male,UAE,5/9/2023,Active
U0510,24,Female,Germany,3/8/2024,Active
U0511,37,Female,United Kingdom,4/6/2023,Active
U0512,33,Male,Philippines,5/12/2024,Active
U0513,31,Male,Philippines,5/27/2024,Active
U0514,23,Male,Turkey,9/19/2024,Active
U0515,27,Female,Turkey,9/6/2024,Active
U0516,43,Female,Thailand,9/4/2023,Active
U0517,40,Male,Brazil,1/12/2024,Active
U0518,22,Male,Argentina,3/4/2024,Active
U0519,35,Male,India,5/29/2023,Active
U0520,43,Non-binary,Indonesia,9/1/2024,Inactive
U0521,14,Male,Germany,12/17/2023,Inactive
U0522,41,Female,Indonesia,7/31/2024,Inactive
U0523,26,Female,Sweden,12/4/2023,Active
U0524,41,Male,France,9/1/2024,Active
U0525,25,Male,Australia,7/10/2023,Active
U0526,13,Male,Kenya,11/24/2023,Active
U0527,14,Female,Denmark,5/2/2024,Active
U0528,35,Female,Argentina,12/1/2023,Active
U0529,37,Female,Australia,9/3/2024,Inactive
U0530,23,Female,Thailand,2/16/2024,Active
U0531,42,Male,UAE,12/14/2023,Inactive
U0532,14,Non-binary,Colombia,2/11/2024,Active
U0533,33,Female,Indonesia,11/20/2023,Active
U0534,19,Male,Italy,6/8/2024,Active
U0535,26,Non-binary,Indonesia,7/12/2023,Active
U0536,35,Female,Bangladesh,8/31/2023,Active
U0537,24,Female,Norway,2/25/2024,Active
U0538,29,Female,South Africa,9/2/2024,Active
U0539,46,Female,Denmark,1/24/2024,Active
U0540,27,Female,Brazil,9/12/2024,Inactive
U0541,44,Male,Netherlands,8/18/2023,Active
U0542,20,Male,Germany,7/26/2024,Inactive
U0543,40,Female,South Korea,6/19/2024,Active
U0544,51,Male,Thailand,11/24/2023,Active
U0545,13,Male,Denmark,2/14/2024,Active
U0546,24,Male,United States,6/3/2024,Active
U0547,41,Male,Israel,4/5/2023,Active
U0548,32,Female,Pakistan,11/26/2023,Active
U0549,38,Female,South Korea,11/13/2023,Active
U0550,27,Male,Indonesia,9/15/2023,Active
U0551,35,Male,France,3/3/2024,Active
U0552,32,Male,Kenya,6/28/2024,Active
U0553,48,Female,Denmark,7/19/2024,Active
U0554,37,Female,New Zealand,8/25/2024,Active
U0555,38,Male,Israel,12/11/2023,Active
U0556,29,Female,Vietnam,3/31/2024,Active
U0557,28,Female,Turkey,3/13/2024,Active
U0558,29,Female,Argentina,3/13/2024,Active
U0559,39,Female,Australia,9/10/2024,Active
U0560,29,Male,Egypt,9/17/2023,Active
U0561,37,Female,France,5/5/2024,Active
U0562,59,Male,Spain,4/6/2024,Active
U0563,44,Female,Israel,8/14/2023,Inactive
U0564,30,Female,UAE,8/28/2024,Active
U0565,48,Female,Nigeria,6/9/2023,Active
U0566,29,Female,Mexico,11/11/2023,Active
U0567,13,Male,Norway,5/9/2024,Active
U0568,22,Female,Brazil,9/1/2024,Active
U0569,13,Non-binary,South Korea,8/8/2024,Active
U0570,30,Female,Japan,7/28/2024,Active
U0571,34,Male,United Kingdom,12/21/2023,Active
U0572,54,Male,Japan,6/16/2023,Active
U0573,38,Male,Spain,10/4/2023,Active
U0574,31,Female,Philippines,9/8/2024,Active
U0575,44,Female,Netherlands,12/2/2023,Active
U0576,13,Male,New Zealand,9/26/2023,Inactive
U0577,37,Female,Colombia,9/6/2023,Active
U0578,43,Female,Denmark,7/28/2023,Inactive
U0579,16,Female,Brazil,4/23/2023,Inactive
U0580,48,Female,Denmark,5/10/2023,Active
U0581,38,Female,South Korea,10/12/2023,Active
U0582,29,Female,Thailand,4/7/2024,Active
U0583,42,Male,Spain,7/22/2024,Active
U0584,61,Female,Chile,5/31/2023,Active
U0585,36,Female,Germany,3/23/2024,Active
U0586,37,Female,Saudi Arabia,2/20/2024,Active
U0587,28,Female,Indonesia,8/6/2024,Active
U0588,24,Female,Poland,6/25/2024,Inactive
U0589,44,Male,Denmark,9/2/2023,Active
U0590,24,Male,Ukraine,1/28/2024,Active
U0591,35,Male,Bangladesh,4/22/2024,Active
U0592,28,Male,Nigeria,2/9/2024,Inactive
U0593,40,Female,South Africa,10/11/2023,Active
U0594,38,Prefer not to say,India,7/28/2023,Active
U0595,46,Male,Israel,8/26/2024,Active
U0596,28,Male,Nigeria,9/20/2024,Active
U0597,31,Female,Indonesia,4/9/2023,Active
U0598,22,Male,Spain,6/26/2023,Inactive
U0599,29,Female,Germany,2/29/2024,Active
U0600,39,Female,Philippines,9/21/2023,Active
U0601,43,Female,Turkey,8/19/2023,Inactive
U0602,23,Male,Colombia,5/11/2024,Active
U0603,44,Male,Chile,3/30/2024,Active
U0604,50,Female,Canada,5/13/2023,Inactive
U0605,39,Female,Turkey,6/10/2024,Active
U0606,57,Male,Netherlands,10/15/2023,Active
U0607,25,Female,Brazil,7/8/2023,Active
U0608,19,Male,Netherlands,3/24/2024,Active
U0609,13,Female,Japan,7/17/2023,Active
U0610,52,Male,Australia,3/30/2024,Active
U0611,42,Female,Russia,9/4/2024,Active
U0612,33,Male,Japan,5/21/2024,Inactive
U0613,37,Male,United States,6/12/2024,Active
U0614,20,Male,Colombia,7/10/2024,Inactive
U0615,63,Male,Kenya,12/7/2023,Active
U0616,36,Female,Pakistan,3/13/2024,Active
U0617,35,Prefer not to say,UAE,7/23/2024,Active
U0618,43,Male,Philippines,4/30/2024,Active
U0619,40,Male,UAE,3/1/2024,Active
U0620,37,Female,Sweden,6/3/2024,Inactive
U0621,25,Female,Ukraine,3/16/2024,Active
U0622,40,Female,Norway,8/6/2023,Active
U0623,57,Male,Russia,4/7/2024,Active
U0624,50,Male,Ukraine,3/19/2024,Active
U0625,53,Female,Thailand,10/23/2023,Active
U0626,28,Male,Thailand,10/13/2023,Active
U0627,22,Female,Egypt,8/12/2024,Active
U0628,32,Male,Pakistan,11/6/2023,Active
U0629,35,Female,Canada,5/13/2024,Active
U0630,47,Male,Netherlands,4/15/2024,Active
U0631,14,Female,Vietnam,8/3/2024,Active
U0632,52,Female,UAE,10/7/2023,Inactive
U0633,32,Female,Ukraine,11/4/2023,Active
U0634,29,Male,Vietnam,3/11/2024,Active
U0635,22,Female,Philippines,6/4/2023,Active
U0636,14,Female,United Kingdom,11/12/2023,Active
U0637,44,Female,Brazil,10/4/2023,Inactive
U0638,35,Female,Norway,11/1/2023,Active
U0639,19,Female,Russia,12/21/2023,Active
U0640,18,Female,Sweden,12/9/2023,Active
U0641,30,Male,Vietnam,5/28/2024,Active
U0642,54,Female,Turkey,6/6/2023,Active
U0643,31,Female,United States,7/21/2023,Active
U0644,16,Male,Australia,7/31/2023,Active
U0645,31,Male,Bangladesh,10/1/2023,Active
U0646,31,Male,Philippines,1/27/2024,Active
U0647,13,Female,Italy,9/24/2024,Inactive
U0648,33,Female,United Kingdom,8/1/2023,Active
U0649,31,Female,Kenya,9/18/2023,Active
U0650,42,Female,Kenya,5/24/2023,Active
U0651,56,Male,Japan,2/21/2024,Inactive
U0652,48,Male,Saudi Arabia,2/15/2024,Active
U0653,31,Male,Saudi Arabia,12/17/2023,Inactive
U0654,21,Male,Vietnam,5/30/2024,Active
U0655,65,Male,Indonesia,3/31/2024,Active
U0656,35,Male,Mexico,2/21/2024,Active
U0657,34,Female,Colombia,5/23/2023,Active
U0658,34,Female,Nigeria,9/12/2023,Active
U0659,36,Prefer not to say,Philippines,2/25/2024,Active
U0660,32,Female,Kenya,2/1/2024,Active
U0661,27,Female,Vietnam,7/1/2024,Active
U0662,27,Male,Nigeria,4/20/2023,Active
U0663,34,Female,Germany,6/25/2024,Active
U0664,27,Female,United States,1/25/2024,Active
U0665,25,Male,United States,4/9/2024,Active
U0666,35,Male,Indonesia,4/9/2023,Active
U0667,31,Female,Kenya,1/3/2024,Active
U0668,52,Male,India,11/22/2023,Inactive
U0669,13,Female,Norway,2/1/2024,Active
U0670,47,Female,Denmark,2/24/2024,Active
U0671,49,Male,France,5/26/2024,Active
U0672,13,Male,United States,6/2/2024,Inactive
U0673,30,Male,Colombia,7/16/2024,Active
U0674,30,Male,UAE,9/23/2023,Active
U0675,17,Male,Turkey,4/18/2024,Inactive
U0676,25,Female,Philippines,9/22/2023,Active
U0677,21,Male,Germany,11/2/2023,Active
U0678,55,Female,France,3/8/2024,Active
U0679,45,Male,Denmark,4/16/2024,Active
U0680,49,Female,Egypt,4/27/2023,Active
U0681,43,Male,Saudi Arabia,1/31/2024,Active
U0682,20,Male,Poland,12/21/2023,Active
U0683,28,Female,Indonesia,9/5/2024,Inactive
U0684,40,Female,South Africa,9/13/2024,Active
U0685,19,Male,Italy,2/12/2024,Active
U0686,43,Female,Italy,8/11/2023,Active
U0687,31,Male,Indonesia,4/1/2024,Active
U0688,30,Female,France,7/13/2023,Active
U0689,43,Male,Egypt,7/31/2024,Active
U0690,39,Male,Mexico,5/23/2024,Active
U0691,30,Female,Germany,4/25/2023,Active
U0692,48,Female,India,2/4/2024,Active
U0693,21,Male,Kenya,7/7/2024,Active
U0694,41,Female,Argentina,6/16/2024,Active
U0695,41,Female,Philippines,8/31/2024,Active
U0696,30,Male,Netherlands,4/25/2023,Active
U0697,38,Female,South Africa,6/9/2023,Inactive
U0698,19,Male,Thailand,8/16/2024,Active
U0699,45,Female,Vietnam,3/2/2024,Active
U0700,32,Female,Germany,7/19/2023,Active
U0701,28,Female,Argentina,3/28/2024,Active
U0702,47,Male,Saudi Arabia,8/24/2023,Active
U0703,26,Male,Ukraine,5/13/2023,Inactive
U0704,17,Male,United States,10/23/2023,Active
U0705,15,Male,United Kingdom,1/24/2024,Active
U0706,41,Male,Pakistan,12/15/2023,Active
U0707,19,Female,Vietnam,9/16/2023,Active
U0708,55,Male,Russia,3/23/2024,Active
U0709,13,Male,Turkey,12/14/2023,Active
U0710,54,Female,Philippines,12/23/2023,Active
U0711,37,Male,Pakistan,1/24/2024,Active
U0712,33,Female,Pakistan,11/7/2023,Active
U0713,27,Male,Germany,2/26/2024,Active
U0714,39,Female,United Kingdom,10/17/2023,Inactive
U0715,34,Male,Turkey,6/7/2023,Active
U0716,47,Male,India,4/4/2024,Active
U0717,35,Female,India,4/19/2023,Active
U0718,36,Male,France,5/27/2024,Inactive
U0719,30,Female,South Korea,5/15/2023,Inactive
U0720,33,Male,Spain,1/1/2024,Active
U0721,38,Male,Ukraine,9/26/2023,Active
U0722,13,Female,Norway,8/21/2024,Active
U0723,18,Male,Italy,5/28/2023,Active
U0724,43,Female,Israel,8/23/2024,Active
U0725,36,Non-binary,Egypt,5/6/2023,Active
U0726,32,Female,Kenya,4/29/2023,Active
U0727,34,Female,United Kingdom,10/13/2023,Active
U0728,38,Male,UAE,9/6/2023,Active
U0729,28,Male,Germany,4/20/2023,Inactive
U0730,25,Male,Thailand,7/30/2024,Active
U0731,36,Female,Poland,8/1/2023,Active
U0732,22,Non-binary,Israel,10/7/2023,Active
U0733,39,Male,Russia,7/11/2023,Active
U0734,14,Female,France,4/6/2024,Active
U0735,46,Male,Brazil,9/5/2024,Active
U0736,40,Female,India,7/2/2023,Inactive
U0737,37,Male,Japan,6/15/2024,Active
U0738,46,Non-binary,Ukraine,9/21/2023,Active
U0739,54,Female,Bangladesh,3/31/2024,Active
U0740,46,Male,Vietnam,10/20/2023,Active
U0741,13,Male,Mexico,1/16/2024,Active
U0742,19,Male,Russia,8/13/2023,Active
U0743,27,Male,Chile,7/18/2024,Active
U0744,34,Male,UAE,7/19/2024,Active
U0745,40,Female,Egypt,7/2/2023,Active
U0746,25,Female,Egypt,8/10/2023,Active
U0747,36,Female,Netherlands,12/2/2023,Active
U0748,25,Male,Chile,6/27/2023,Active
U0749,27,Female,South Korea,6/27/2024,Active
U0750,17,Female,Norway,4/24/2023,Active
U0751,23,Male,Australia,12/3/2023,Inactive
U0752,18,Female,Turkey,6/25/2024,Active
U0753,22,Female,Sweden,9/12/2024,Active
U0754,47,Male,Colombia,1/21/2024,Inactive
U0755,23,Male,Denmark,2/7/2024,Active
U0756,66,Female,Australia,9/5/2023,Active
U0757,40,Male,Norway,6/2/2023,Active
U0758,36,Female,UAE,7/7/2024,Active
U0759,24,Female,Colombia,9/22/2024,Active
U0760,42,Female,Germany,8/4/2024,Active
U0761,27,Male,Bangladesh,10/10/2023,Active
U0762,35,Male,Egypt,6/23/2023,Active
U0763,65,Female,Ukraine,11/25/2023,Inactive
U0764,33,Female,Israel,9/17/2024,Active
U0765,48,Male,United States,7/14/2024,Inactive
U0766,26,Female,Bangladesh,7/7/2023,Active
U0767,34,Female,Russia,6/17/2024,Active
U0768,55,Male,Colombia,5/6/2023,Active
U0769,26,Male,Pakistan,12/30/2023,Active
U0770,56,Female,Canada,5/22/2024,Active
U0771,42,Male,Argentina,3/2/2024,Active
U0772,27,Male,Australia,8/30/2024,Active
U0773,42,Male,Spain,1/17/2024,Inactive
U0774,46,Male,United States,5/28/2023,Active
U0775,41,Female,India,5/1/2024,Active
U0776,15,Female,Colombia,8/19/2024,Active
U0777,25,Male,Turkey,12/25/2023,Active
U0778,31,Female,Philippines,4/14/2023,Active
U0779,33,Female,Sweden,2/25/2024,Active
U0780,41,Female,Brazil,4/19/2024,Active
U0781,36,Male,Spain,6/25/2023,Inactive
U0782,18,Male,Spain,3/6/2024,Active
U0783,39,Non-binary,Kenya,1/11/2024,Active
U0784,41,Female,United Kingdom,8/10/2024,Active
U0785,41,Male,Colombia,3/27/2024,Active
U0786,47,Male,Poland,8/1/2023,Active
U0787,44,Male,United States,3/8/2024,Active
U0788,40,Female,Colombia,8/19/2023,Inactive
U0789,33,Female,United Kingdom,5/14/2024,Active
U0790,14,Female,Indonesia,8/22/2024,Active
U0791,39,Male,Argentina,10/31/2023,Inactive
U0792,36,Female,Russia,7/26/2024,Active
U0793,37,Female,Australia,5/26/2024,Active
U0794,19,Male,Australia,4/14/2024,Active
U0795,21,Female,Germany,3/30/2024,Active
U0796,47,Non-binary,Nigeria,3/8/2024,Active
U0797,34,Male,South Africa,7/8/2024,Active
U0798,42,Female,Saudi Arabia,10/30/2023,Active
U0799,34,Male,Mexico,12/11/2023,Active
U0800,34,Female,New Zealand,10/12/2023,Active
U0801,45,Female,Mexico,6/11/2023,Active
U0802,28,Female,Turkey,11/7/2023,Active
U0803,35,Female,Germany,3/20/2024,Active
U0804,28,Male,Pakistan,10/11/2023,Active
U0805,29,Female,Philippines,3/30/2024,Active
U0806,30,Female,South Africa,6/20/2024,Active
U0807,37,Male,Spain,7/21/2024,Inactive
U0808,28,Female,New Zealand,9/4/2024,Active
U0809,49,Female,South Africa,1/24/2024,Active
U0810,23,Male,United States,12/22/2023,Active
U0811,32,Female,France,4/27/2023,Active
U0812,29,Female,Vietnam,4/22/2024,Active
U0813,51,Male,Chile,12/13/2023,Inactive
U0814,36,Non-binary,Spain,8/24/2023,Active
U0815,46,Male,Brazil,4/17/2024,Active
U0816,16,Male,Saudi Arabia,9/16/2023,Active
U0817,37,Male,South Africa,1/5/2024,Inactive
U0818,45,Female,Poland,10/22/2023,Active
U0819,35,Female,Chile,12/25/2023,Inactive
U0820,47,Male,Norway,11/8/2023,Active
U0821,28,Male,Bangladesh,7/10/2024,Active
U0822,51,Female,Kenya,11/5/2023,Active
U0823,62,Male,South Korea,6/9/2024,Active
U0824,30,Female,Germany,4/12/2023,Active
U0825,29,Female,India,5/10/2024,Active
U0826,51,Female,Canada,8/31/2023,Active
U0827,53,Non-binary,UAE,6/10/2023,Active
U0828,28,Male,Ukraine,10/9/2023,Active
U0829,29,Non-binary,Netherlands,2/14/2024,Active
U0830,31,Female,Italy,4/18/2024,Active
U0831,18,Female,Mexico,6/9/2024,Active
U0832,23,Male,United Kingdom,10/8/2023,Active
U0833,22,Female,Chile,9/22/2024,Active
U0834,25,Male,South Africa,4/8/2024,Active
U0835,34,Male,Nigeria,8/18/2024,Active
U0836,37,Male,Chile,4/20/2024,Active
U0837,53,Female,Netherlands,3/18/2024,Active
U0838,22,Female,New Zealand,4/18/2023,Active
U0839,46,Female,Poland,6/16/2023,Active
U0840,31,Female,Denmark,11/19/2023,Active
U0841,33,Male,France,9/24/2023,Active
U0842,42,Female,Vietnam,2/13/2024,Active
U0843,21,Male,Poland,9/23/2024,Active
U0844,39,Female,Colombia,10/10/2023,Active
U0845,36,Female,Spain,11/28/2023,Active
U0846,40,Female,New Zealand,9/1/2024,Active
U0847,37,Female,France,6/29/2024,Active
U0848,63,Male,Thailand,1/16/2024,Active
U0849,26,Male,Mexico,4/6/2024,Inactive
U0850,28,Female,France,6/7/2024,Active
U0851,27,Male,New Zealand,5/21/2024,Active
U0852,27,Male,South Africa,12/27/2023,Active
U0853,26,Female,UAE,2/29/2024,Active
U0854,48,Female,France,6/5/2024,Active
U0855,51,Male,Canada,12/17/2023,Active
U0856,27,Male,Japan,1/3/2024,Active
U0857,24,Female,Germany,3/22/2024,Active
U0858,40,Female,New Zealand,11/1/2023,Inactive
U0859,27,Male,Brazil,11/29/2023,Active
U0860,42,Male,Kenya,10/17/2023,Active
U0861,36,Male,Italy,9/30/2023,Active
U0862,16,Male,Argentina,7/7/2023,Active
U0863,53,Male,India,9/1/2023,Active
U0864,56,Female,Mexico,12/6/2023,Active
U0865,27,Female,India,7/6/2023,Active
U0866,29,Female,South Africa,5/25/2024,Active
U0867,37,Male,Philippines,9/21/2024,Active
U0868,38,Female,Kenya,8/26/2023,Active
U0869,42,Male,Philippines,8/31/2023,Active
U0870,58,Non-binary,Pakistan,9/19/2023,Inactive
U0871,32,Female,Nigeria,4/15/2024,Active
U0872,24,Male,Norway,11/5/2023,Active
U0873,17,Female,Netherlands,7/5/2024,Active
U0874,25,Male,Indonesia,5/16/2024,Active
U0875,34,Female,Philippines,7/11/2024,Active
U0876,56,Male,Norway,11/10/2023,Active
U0877,28,Male,Colombia,6/21/2023,Inactive
U0878,37,Female,Canada,9/2/2023,Active
U0879,34,Male,Spain,11/21/2023,Active
U0880,48,Female,France,9/28/2023,Active
U0881,64,Male,Thailand,1/10/2024,Active
U0882,28,Female,France,8/22/2023,Active
U0883,28,Female,Nigeria,11/25/2023,Active
U0884,47,Female,Indonesia,4/15/2023,Active
U0885,42,Male,Kenya,5/23/2024,Active
U0886,56,Male,Vietnam,7/12/2023,Active
U0887,41,Male,Poland,11/3/2023,Inactive
U0888,30,Male,Italy,5/10/2023,Active
U0889,41,Female,United Kingdom,5/17/2023,Active
U0890,47,Female,Norway,6/7/2024,Active
U0891,44,Female,Turkey,11/17/2023,Active
U0892,40,Female,Bangladesh,7/12/2023,Active
U0893,47,Female,Saudi Arabia,8/12/2024,Active
U0894,48,Female,Chile,4/20/2024,Active
U0895,51,Male,Canada,6/23/2023,Active
U0896,42,Female,Pakistan,4/14/2023,Active
U0897,32,Female,Norway,6/23/2024,Inactive
U0898,36,Female,Israel,11/11/2023,Active
U0899,48,Male,UAE,4/3/2024,Active
U0900,24,Male,Indonesia,4/10/2024,Active
U0901,38,Male,Vietnam,3/12/2024,Active
U0902,29,Female,Philippines,12/25/2023,Active
U0903,34,Female,Israel,8/26/2023,Active
U0904,49,Male,Kenya,5/14/2023,Active
U0905,36,Non-binary,Vietnam,10/18/2023,Active
U0906,35,Male,Kenya,4/9/2024,Active
U0907,18,Male,South Africa,7/2/2023,Active
U0908,43,Male,Kenya,5/25/2023,Active
U0909,42,Female,Saudi Arabia,2/10/2024,Active
U0910,60,Female,Canada,4/20/2024,Active
U0911,30,Male,Japan,6/1/2023,Active
U0912,37,Female,Turkey,6/26/2024,Active
U0913,37,Male,UAE,8/5/2024,Active
U0914,53,Female,United Kingdom,9/19/2024,Active
U0915,33,Female,Spain,5/16/2023,Active
U0916,37,Female,Argentina,7/31/2023,Active
U0917,41,Male,Vietnam,7/29/2023,Active
U0918,36,Non-binary,Norway,6/15/2024,Active
U0919,29,Female,Sweden,11/26/2023,Active
U0920,36,Male,New Zealand,6/10/2023,Active
U0921,47,Female,Australia,10/14/2023,Active
U0922,22,Male,Spain,7/5/2023,Active
U0923,36,Female,Russia,6/11/2024,Active
U0924,26,Male,Canada,2/22/2024,Inactive
U0925,48,Female,Philippines,7/18/2024,Active
U0926,16,Female,Germany,7/10/2024,Active
U0927,27,Male,United States,7/28/2024,Inactive
U0928,39,Male,South Africa,9/27/2023,Inactive
U0929,53,Male,Indonesia,5/14/2024,Active
U0930,33,Male,Bangladesh,1/25/2024,Active
U0931,27,Male,Norway,3/19/2024,Active
U0932,57,Female,Argentina,3/13/2024,Active
U0933,17,Male,UAE,11/21/2023,Active
U0934,13,Male,Egypt,7/5/2024,Active
U0935,39,Female,UAE,3/2/2024,Active
U0936,28,Male,Russia,11/28/2023,Inactive
U0937,22,Female,Turkey,6/19/2024,Active
U0938,43,Female,Japan,7/30/2024,Active
U0939,37,Female,Bangladesh,5/21/2023,Active
U0940,27,Female,Thailand,7/21/2024,Active
U0941,19,Female,United States,6/20/2023,Active
U0942,44,Male,Germany,9/13/2023,Active
U0943,42,Male,Italy,8/2/2024,Active
U0944,33,Male,Sweden,9/15/2023,Active
U0945,56,Female,Russia,10/27/2023,Active
U0946,21,Male,South Africa,8/29/2024,Inactive
U0947,16,Female,United States,6/6/2023,Active
U0948,26,Prefer not to say,Norway,8/4/2023,Active
U0949,33,Female,Russia,10/8/2023,Active
U0950,37,Female,Sweden,8/17/2023,Active
U0951,31,Male,Australia,6/6/2024,Active
U0952,38,Female,Australia,6/2/2023,Active
U0953,19,Female,Spain,8/4/2023,Active
U0954,51,Male,Israel,4/6/2023,Active
U0955,33,Male,Colombia,2/16/2024,Active
U0956,47,Female,Norway,3/19/2024,Active
U0957,38,Female,Vietnam,9/21/2024,Active
U0958,39,Female,Saudi Arabia,7/9/2024,Active
U0959,41,Female,Egypt,4/3/2024,Active
U0960,39,Female,Bangladesh,11/17/2023,Active
U0961,42,Female,Thailand,4/30/2023,Active
U0962,50,Male,Argentina,10/1/2023,Active
U0963,36,Male,Germany,11/14/2023,Active
U0964,43,Male,Philippines,11/10/2023,Active
U0965,33,Female,Sweden,3/22/2024,Active
U0966,51,Female,Vietnam,5/30/2023,Active
U0967,26,Female,Indonesia,9/19/2024,Active
U0968,56,Male,South Africa,10/3/2023,Active
U0969,34,Female,Thailand,10/27/2023,Active
U0970,17,Female,Colombia,8/2/2024,Active
U0971,36,Female,Kenya,7/6/2024,Active
U0972,26,Female,India,8/30/2024,Inactive
U0973,44,Male,Australia,9/5/2023,Active
U0974,26,Female,New Zealand,2/29/2024,Inactive
U0975,29,Male,France,7/3/2023,Inactive
U0976,13,Male,Turkey,5/31/2024,Active
U0977,29,Female,Denmark,9/26/2023,Active
U0978,13,Female,United Kingdom,8/19/2024,Inactive
U0979,15,Female,New Zealand,7/29/2023,Active
U0980,43,Female,Denmark,10/28/2023,Active
U0981,43,Female,Chile,7/24/2023,Active
U0982,39,Female,Nigeria,5/30/2023,Active
U0983,22,Female,Japan,5/21/2023,Active
U0984,33,Male,Norway,8/11/2023,Active
U0985,34,Male,Nigeria,11/29/2023,Active
U0986,20,Male,Israel,7/10/2024,Active
U0987,52,Male,South Africa,6/20/2024,Inactive
U0988,45,Male,Russia,11/15/2023,Active
U0989,31,Male,Brazil,3/11/2024,Active
U0990,34,Male,United Kingdom,7/10/2023,Active
U0991,37,Non-binary,Norway,4/2/2024,Active
U0992,13,Male,Israel,9/20/2024,Active
U0993,31,Female,United States,11/27/2023,Inactive
U0994,26,Male,Vietnam,2/11/2024,Active
U0995,22,Female,Netherlands,11/2/2023,Active
U0996,31,Male,Colombia,4/27/2024,Active
U0997,56,Male,Sweden,5/28/2024,Active
U0998,42,Female,Spain,4/22/2024,Inactive
U0999,27,Male,Bangladesh,3/9/2024,Active
U1000,41,Male,Thailand,6/6/2023,Active