Maintenance_ID,Site_ID,Element_ID,Maintenance_Date,Maintenance_Type,Duration_Hours,Cost_GBP,Is_Completed,Vendor_ID
1,362,152,2024-01-13,Corrective,2.1,873,True,3
2,254,95,2025-08-01,Corrective,2.4,331,True,4
3,445,494,2024-06-18,Planned,1.4,429,True,1
4,362,490,2024-08-05,Planned,2.9,1157,True,2
5,367,443,2024-08-01,Planned,3.1,1580,True,1
6,379,265,2025-07-02,Planned,2.2,256,True,2
7,242,287,2025-01-01,Planned,3.0,1663,True,2
8,197,84,2025-05-07,Planned,2.6,1767,True,4
9,364,167,2024-10-28,Corrective,1.0,975,True,3
10,421,39,2024-12-19,Planned,3.6,2519,True,5
11,88,188,2024-11-17,Corrective,1.4,1706,True,2
12,3,332,2025-07-25,Planned,4.9,1964,True,1
13,71,222,2024-11-15,Planned,6.6,445,True,5
14,200,4,2025-07-17,Planned,2.5,456,True,2
15,235,254,2024-04-07,Planned,5.1,1718,True,4
16,347,29,2025-03-19,Emergency,2.9,1546,True,4
17,369,431,2024-06-06,Emergency,3.2,1365,True,2
18,205,355,2024-08-03,Planned,3.5,1375,True,2
19,76,198,2025-06-15,Planned,4.3,1006,True,1
20,289,271,2024-01-21,Corrective,5.8,1451,True,1
21,393,125,2024-07-18,Emergency,1.6,1336,True,4
22,232,234,2024-09-09,Corrective,11.2,863,True,5
23,113,112,2025-04-16,Corrective,5.8,83,True,4
24,2,255,2025-11-11,Planned,6.6,786,True,3
25,273,142,2024-07-05,Planned,5.1,2625,True,4
26,39,48,2024-07-06,Planned,3.4,1995,True,4
27,37,194,2024-06-24,Planned,3.5,474,True,3
28,328,352,2025-01-24,Corrective,3.1,174,True,5
29,341,409,2024-10-02,Corrective,1.8,481,True,3
30,4,433,2024-02-03,Planned,1.5,2577,True,2
31,121,481,2024-01-01,Planned,7.7,1015,True,5
32,208,143,2025-09-20,Planned,1.3,1869,True,5
33,295,422,2025-06-18,Planned,2.7,2279,False,1
34,477,265,2024-04-28,Planned,2.8,2902,True,3
35,282,36,2024-09-01,Emergency,5.5,1161,True,4
36,117,101,2024-11-20,Corrective,1.6,470,True,3
37,426,463,2024-11-02,Corrective,2.7,2241,True,4
38,210,393,2024-06-09,Emergency,4.3,808,True,1
39,292,427,2024-08-20,Planned,1.8,878,True,5
40,179,238,2024-10-18,Corrective,5.2,662,True,4
41,353,139,2024-06-01,Planned,6.5,771,True,5
42,494,471,2025-04-13,Corrective,0.6,2312,True,5
43,65,289,2024-08-10,Planned,10.6,185,True,5
44,402,37,2024-05-13,Emergency,6.3,1090,True,5
45,420,177,2024-06-22,Corrective,1.1,1158,False,5
46,27,210,2024-02-21,Corrective,1.1,235,True,2
47,356,225,2024-01-25,Emergency,7.5,1502,True,4
48,303,185,2024-07-24,Corrective,0.9,601,True,3
49,459,51,2024-08-06,Planned,3.2,805,True,1
50,445,428,2024-11-28,Emergency,3.4,2402,True,4
51,231,463,2024-07-19,Planned,6.5,929,True,2
52,126,265,2025-02-28,Planned,1.7,382,True,1
53,55,26,2024-12-20,Planned,1.2,1684,True,2
54,177,102,2025-06-17,Planned,9.1,1311,True,3
55,429,322,2024-11-08,Planned,5.0,449,True,2
56,57,86,2024-04-10,Emergency,0.5,480,True,3
57,294,450,2025-04-27,Planned,3.7,938,True,1
58,181,150,2025-07-28,Corrective,2.7,231,True,4
59,405,133,2025-06-25,Emergency,2.0,626,True,2
60,432,394,2024-07-03,Corrective,5.0,191,True,1
61,494,192,2025-06-15,Planned,3.6,366,False,1
62,135,172,2024-03-17,Corrective,2.2,1447,True,2
63,437,90,2025-09-14,Planned,9.0,214,True,1
64,390,225,2025-07-28,Planned,4.6,468,True,1
65,446,338,2024-07-11,Emergency,4.9,1926,True,4
66,7,246,2025-03-09,Emergency,3.0,4535,True,1
67,179,387,2024-07-03,Emergency,3.6,601,True,1
68,445,317,2025-03-10,Corrective,1.9,402,True,4
69,331,273,2024-01-03,Planned,1.9,292,True,1
70,242,38,2025-10-21,Planned,1.3,853,True,5
71,141,496,2024-12-28,Planned,8.0,638,True,3
72,436,51,2025-11-13,Corrective,2.8,2104,True,3
73,144,64,2024-12-23,Planned,7.9,2014,True,2
74,39,72,2024-06-16,Planned,1.9,1508,True,3
75,156,402,2025-08-07,Planned,6.9,632,True,3
76,324,178,2024-04-21,Planned,5.9,669,True,3
77,117,442,2025-06-15,Corrective,3.3,598,True,4
78,451,85,2024-12-01,Planned,5.9,819,True,5
79,127,91,2024-02-28,Planned,2.4,832,True,4
80,451,66,2024-10-26,Corrective,0.9,376,True,5
81,192,199,2025-09-21,Planned,4.8,602,True,4
82,190,455,2024-04-02,Emergency,0.9,545,True,1
83,178,75,2024-10-13,Planned,5.6,683,True,1
84,463,455,2024-04-05,Planned,5.6,104,True,5
85,364,216,2024-10-14,Corrective,3.8,202,True,5
86,219,482,2025-11-17,Planned,3.4,657,True,5
87,273,346,2024-12-26,Planned,1.6,457,True,4
88,139,272,2024-08-14,Emergency,3.7,972,True,4
89,464,439,2024-10-23,Corrective,2.5,1511,True,3
90,260,120,2025-07-04,Planned,3.2,442,True,4
91,118,187,2024-12-21,Planned,12.0,745,True,4
92,263,414,2025-08-14,Planned,1.4,635,True,4
93,20,410,2025-06-23,Emergency,0.8,500,True,4
94,403,18,2024-08-26,Planned,4.5,143,True,1
95,336,179,2025-09-07,Planned,3.9,186,True,2
96,78,393,2024-05-16,Planned,1.4,347,True,3
97,116,235,2024-06-20,Planned,2.3,1956,True,2
98,94,44,2025-09-06,Emergency,0.2,1397,True,2
99,211,89,2025-09-09,Emergency,2.0,885,True,2
100,495,95,2024-09-21,Planned,3.7,614,True,4
101,74,357,2025-02-10,Emergency,1.7,3203,True,2
102,59,244,2024-05-23,Planned,8.0,255,False,5
103,192,453,2025-02-22,Emergency,2.0,369,True,4
104,477,357,2024-08-13,Planned,1.2,660,True,3
105,253,204,2025-02-11,Corrective,1.4,699,True,3
106,281,279,2024-02-09,Emergency,0.9,771,True,3
107,471,426,2024-11-25,Planned,0.9,1433,True,2
108,180,215,2025-10-05,Planned,3.6,2635,True,2
109,433,341,2025-06-04,Planned,1.7,1183,True,1
110,417,221,2025-02-16,Emergency,1.3,3457,True,4
111,126,186,2024-02-04,Planned,2.8,382,True,1
112,221,167,2024-07-07,Planned,2.8,566,True,4
113,312,449,2025-01-24,Planned,3.8,1067,True,4
114,215,227,2025-12-17,Planned,5.6,892,True,4
115,347,453,2024-12-10,Planned,1.5,203,True,5
116,441,438,2024-07-12,Planned,5.2,321,True,5
117,339,319,2024-07-19,Planned,6.0,387,True,4
118,34,39,2024-03-22,Corrective,1.0,1352,True,5
119,153,159,2025-03-03,Corrective,2.0,1128,True,4
120,264,39,2024-08-28,Planned,1.3,2522,True,4
121,428,9,2025-04-10,Planned,4.1,2650,True,3
122,17,242,2025-02-17,Planned,2.9,1574,True,4
123,488,71,2024-07-06,Planned,1.5,1432,True,5
124,363,188,2024-09-24,Planned,8.1,802,True,1
125,394,144,2024-09-18,Corrective,6.2,167,True,5
126,445,180,2024-10-07,Planned,2.1,1760,True,1
127,242,255,2025-07-10,Planned,3.1,1589,False,4
128,353,442,2025-05-25,Corrective,0.4,2237,True,3
129,156,169,2024-06-12,Planned,2.8,893,True,4
130,190,287,2024-07-05,Planned,4.7,799,True,4
131,134,140,2024-09-06,Corrective,7.2,227,True,3
132,114,19,2024-10-25,Planned,4.5,1843,True,5
133,309,57,2024-07-06,Emergency,1.3,1100,True,3
134,189,443,2025-05-01,Corrective,1.0,167,True,1
135,40,374,2024-01-06,Emergency,1.8,3503,True,4
136,444,287,2024-05-23,Planned,3.8,726,True,2
137,44,278,2024-05-10,Planned,0.6,591,True,3
138,446,267,2024-11-16,Planned,4.5,391,True,1
139,477,14,2024-06-11,Planned,1.0,765,True,4
140,270,224,2024-02-24,Planned,2.6,736,True,5
141,13,276,2024-07-06,Planned,1.8,26,True,1
142,442,361,2025-04-19,Corrective,1.1,1503,True,5
143,13,317,2024-03-06,Planned,12.0,847,True,1
144,333,160,2024-03-23,Corrective,2.9,289,True,2
145,495,317,2024-10-11,Corrective,2.7,411,False,5
146,478,126,2025-10-16,Emergency,2.8,442,True,3
147,319,260,2024-01-11,Corrective,5.0,528,True,1
148,92,427,2025-11-09,Planned,0.7,1530,True,4
149,55,264,2025-01-25,Emergency,6.0,1552,True,3
150,37,478,2024-04-10,Emergency,0.8,2776,True,1
151,307,422,2024-09-27,Planned,1.6,800,False,4
152,53,277,2025-04-18,Planned,6.4,987,True,2
153,124,465,2024-07-08,Planned,7.2,760,True,2
154,490,159,2025-12-22,Planned,3.2,249,True,5
155,157,431,2024-08-17,Corrective,2.3,269,True,4
156,186,13,2024-07-05,Emergency,3.9,2563,True,5
157,269,205,2025-12-24,Planned,3.0,1848,True,4
158,379,236,2025-10-19,Planned,0.5,1440,True,4
159,415,243,2024-08-25,Planned,4.3,957,True,4
160,237,283,2024-04-02,Planned,12.0,1342,True,5
161,357,336,2025-08-18,Planned,5.8,2088,True,4
162,271,197,2025-11-08,Emergency,2.5,1077,True,1
163,293,140,2024-09-18,Planned,4.0,321,True,2
164,390,475,2024-03-22,Corrective,1.5,273,True,5
165,288,209,2025-04-04,Corrective,6.7,1517,True,2
166,32,24,2024-04-12,Corrective,8.9,840,True,4
167,181,201,2024-04-16,Emergency,2.8,2189,True,4
168,46,193,2024-09-07,Emergency,2.5,481,True,3
169,124,119,2024-11-12,Planned,10.0,812,True,3
170,117,364,2024-06-02,Corrective,3.6,284,True,3
171,102,190,2024-12-12,Planned,3.6,897,True,2
172,261,485,2024-03-17,Corrective,1.0,1923,True,4
173,99,469,2024-06-21,Emergency,1.2,947,True,1
174,151,499,2024-09-24,Planned,2.2,120,True,4
175,252,426,2024-11-01,Planned,4.6,1264,True,2
176,235,284,2024-04-12,Planned,2.1,1676,True,5
177,78,392,2025-06-26,Planned,0.4,888,True,5
178,243,137,2024-12-23,Emergency,2.2,581,True,2
179,71,398,2024-08-05,Planned,3.0,2263,True,2
180,22,467,2025-09-01,Planned,2.0,1655,True,5
181,273,48,2025-06-10,Corrective,1.7,291,True,4
182,447,6,2025-12-20,Planned,1.4,995,True,2
183,377,190,2025-09-05,Planned,7.0,330,True,1
184,154,209,2024-06-17,Planned,4.1,977,True,2
185,416,341,2025-07-12,Planned,0.5,646,True,1
186,339,339,2024-08-11,Planned,6.5,623,True,5
187,289,314,2024-05-15,Corrective,2.0,1225,True,2
188,387,326,2024-03-01,Planned,1.1,1891,True,1
189,472,373,2025-10-13,Emergency,1.2,2083,True,4
190,36,295,2025-02-26,Corrective,8.1,300,True,2
191,252,72,2025-02-13,Emergency,0.5,2336,True,4
192,147,176,2025-02-25,Planned,3.6,419,True,1
193,228,151,2024-07-13,Emergency,2.0,775,True,1
194,488,277,2024-07-11,Planned,12.0,1525,True,2
195,221,381,2024-10-24,Planned,7.1,1185,True,2
196,403,361,2024-11-25,Emergency,1.3,187,True,5
197,331,75,2024-08-09,Emergency,5.7,1219,False,1
198,153,235,2024-02-07,Emergency,3.0,1498,True,3
199,355,412,2024-03-20,Planned,8.0,850,True,2
200,412,3,2025-12-20,Corrective,2.6,1014,True,4
201,329,405,2024-02-24,Planned,1.6,89,True,5
202,95,456,2024-01-23,Planned,4.4,1605,True,2
203,478,273,2024-01-10,Planned,3.7,480,True,3
204,364,322,2024-11-01,Corrective,4.4,831,True,4
205,52,383,2025-08-27,Planned,6.5,353,True,5
206,183,338,2025-08-12,Planned,1.6,947,True,4
207,249,379,2025-03-09,Planned,0.3,1032,True,4
208,488,340,2025-12-11,Corrective,4.1,616,True,1
209,99,82,2024-09-04,Planned,5.2,1967,True,4
210,406,70,2025-07-18,Planned,4.2,237,True,1
211,202,110,2024-05-13,Emergency,0.4,1743,True,4
212,82,22,2025-12-03,Planned,2.4,2345,True,3
213,26,239,2024-07-09,Planned,4.3,588,True,5
214,252,240,2025-06-02,Planned,1.0,2170,True,5
215,279,203,2025-04-21,Corrective,2.9,588,True,4
216,151,268,2025-05-06,Planned,4.7,403,True,5
217,37,241,2025-01-16,Corrective,1.4,1324,True,1
218,271,347,2025-10-27,Corrective,3.0,1429,True,5
219,310,134,2025-05-16,Planned,2.1,1214,True,1
220,260,13,2024-08-22,Planned,4.6,842,True,2
221,476,365,2025-05-14,Planned,0.6,587,True,3
222,349,164,2025-03-03,Corrective,1.6,1432,True,3
223,137,323,2024-02-02,Planned,3.2,883,True,1
224,111,69,2024-09-02,Planned,3.2,791,True,4
225,319,343,2024-11-14,Planned,1.7,1746,True,4
226,45,81,2025-09-03,Planned,0.8,140,True,5
227,401,270,2025-08-22,Planned,5.7,75,True,2
228,137,316,2024-06-02,Planned,3.1,1406,True,2
229,439,359,2025-11-04,Corrective,8.7,1716,True,1
230,345,479,2025-07-26,Planned,4.1,2970,True,1
231,23,115,2024-09-26,Planned,3.2,1457,True,3
232,480,38,2024-08-28,Planned,0.4,796,True,4
233,280,187,2024-03-26,Emergency,2.6,1407,True,5
234,50,194,2024-12-22,Corrective,5.8,462,True,5
235,446,250,2024-11-27,Corrective,3.5,159,False,1
236,224,342,2024-02-24,Planned,7.6,964,True,3
237,121,99,2024-07-07,Planned,12.0,1265,True,5
238,237,260,2024-04-21,Planned,2.4,394,True,3
239,94,498,2024-01-14,Corrective,1.6,190,True,4
240,71,257,2025-07-02,Planned,9.6,621,True,1
241,479,275,2024-06-18,Corrective,1.4,767,True,5
242,343,265,2025-05-05,Corrective,7.7,858,True,5
243,59,6,2024-05-02,Emergency,5.8,830,True,2
244,350,458,2024-09-12,Corrective,1.3,1311,True,1
245,478,489,2024-08-12,Planned,2.7,607,True,1
246,201,11,2025-09-11,Planned,4.7,1679,True,2
247,89,322,2025-08-06,Planned,2.4,1047,True,2
248,468,104,2025-07-10,Planned,0.4,698,True,2
249,498,136,2024-11-08,Emergency,2.0,1250,True,4
250,374,137,2025-08-24,Planned,2.7,723,True,1
251,383,79,2024-02-11,Planned,2.6,989,True,5
252,496,454,2024-03-15,Planned,2.2,332,True,4
253,446,487,2025-01-03,Emergency,5.5,1581,True,2
254,105,143,2025-07-10,Emergency,1.4,1885,True,4
255,31,302,2025-11-15,Planned,1.0,1427,True,1
256,469,214,2024-12-16,Emergency,2.0,984,True,5
257,156,11,2025-03-18,Planned,4.2,1810,True,4
258,311,189,2024-09-28,Emergency,2.5,946,True,5
259,126,270,2024-08-17,Emergency,5.7,3559,True,4
260,329,124,2025-09-17,Planned,5.6,914,False,4
261,157,123,2024-09-21,Planned,11.2,333,True,2
262,39,95,2024-03-03,Emergency,2.0,1748,True,4
263,121,146,2024-05-18,Emergency,1.8,710,True,2
264,451,11,2024-08-04,Planned,2.4,460,True,5
265,101,256,2024-12-19,Emergency,4.8,593,True,5
266,92,481,2024-10-20,Emergency,1.2,83,True,5
267,457,114,2025-04-05,Emergency,2.9,435,True,4
268,150,104,2024-04-14,Corrective,2.0,1058,True,4
269,421,331,2025-11-04,Emergency,1.1,1058,False,3
270,402,437,2024-10-23,Emergency,4.3,2169,True,5
271,172,346,2024-05-23,Planned,0.1,836,True,5
272,215,454,2024-07-27,Planned,4.3,1310,True,2
273,496,117,2024-09-03,Emergency,1.4,2152,True,1
274,183,108,2025-06-18,Emergency,1.7,967,True,3
275,200,77,2025-01-14,Corrective,0.3,1181,True,2
276,434,214,2024-11-22,Corrective,2.7,901,True,2
277,273,355,2024-08-23,Corrective,1.9,540,True,4
278,53,262,2025-08-02,Planned,2.2,1133,True,4
279,109,404,2025-11-26,Planned,3.7,593,True,1
280,462,457,2024-09-28,Planned,3.5,789,True,5
281,385,236,2025-10-03,Emergency,5.1,3639,True,5
282,75,213,2025-07-15,Planned,2.0,1090,True,4
283,94,86,2025-02-25,Corrective,5.4,677,True,5
284,18,162,2025-10-25,Corrective,5.1,2138,True,3
285,221,420,2025-10-28,Corrective,1.1,1843,True,1
286,470,485,2025-10-01,Planned,2.6,708,True,2
287,498,191,2024-01-21,Planned,5.3,454,True,1
288,237,496,2025-05-27,Planned,3.8,3480,True,4
289,25,75,2024-07-25,Emergency,7.3,1116,True,3
290,132,94,2024-10-18,Planned,3.8,480,False,3
291,82,425,2024-08-19,Emergency,3.0,3881,True,3
292,246,32,2024-12-02,Planned,1.5,1480,True,5
293,425,368,2025-06-05,Planned,4.7,683,True,3
294,232,392,2024-04-04,Planned,3.1,1086,True,4
295,456,12,2024-06-25,Planned,0.9,1581,True,2
296,132,134,2024-05-06,Corrective,5.2,1391,True,4
297,139,276,2024-08-24,Emergency,2.1,393,True,3
298,103,41,2024-06-12,Planned,3.7,1614,True,2
299,380,195,2024-09-25,Emergency,5.2,348,True,4
300,123,274,2024-11-11,Corrective,0.8,825,True,2
301,456,38,2024-10-22,Corrective,7.3,1088,True,2
302,171,420,2024-04-01,Corrective,1.7,2271,True,4
303,490,239,2024-06-24,Planned,4.7,1555,True,4
304,294,41,2024-12-08,Corrective,5.9,1223,True,1
305,315,240,2024-01-07,Corrective,4.3,555,True,5
306,208,303,2025-07-26,Planned,5.5,1049,True,3
307,465,264,2024-07-18,Planned,11.7,449,True,3
308,466,258,2024-05-05,Emergency,3.6,3348,False,1
309,401,356,2025-05-27,Corrective,1.9,1365,True,5
310,270,395,2024-07-04,Corrective,1.5,505,True,5
311,489,182,2025-09-22,Planned,2.7,2134,True,3
312,304,301,2024-04-17,Corrective,4.8,950,True,1
313,340,241,2024-04-06,Emergency,2.7,1840,True,1
314,18,152,2024-06-15,Planned,6.1,871,True,4
315,240,463,2025-05-26,Planned,3.5,521,True,1
316,380,458,2025-06-03,Planned,1.6,560,True,3
317,94,351,2025-03-24,Planned,4.1,964,True,4
318,490,369,2025-03-16,Planned,4.0,1327,True,1
319,333,430,2025-01-22,Corrective,1.8,1102,True,5
320,379,72,2024-07-02,Planned,4.7,3232,True,2
321,82,433,2025-01-03,Planned,7.2,2149,True,4
322,15,169,2024-11-07,Planned,12.0,1023,True,1
323,418,459,2024-04-14,Corrective,4.6,1337,True,2
324,405,483,2024-08-09,Corrective,12.0,2395,True,4
325,465,360,2025-10-20,Corrective,3.6,352,True,3
326,469,147,2025-03-07,Planned,10.7,684,True,2
327,328,370,2025-01-03,Planned,3.0,673,True,3
328,63,370,2025-10-12,Corrective,3.3,1721,True,3
329,441,235,2025-05-20,Planned,4.5,162,True,1
330,337,27,2025-04-28,Planned,2.1,1159,True,5
331,100,303,2024-03-07,Planned,4.2,4238,True,1
332,67,491,2024-04-09,Planned,1.8,699,True,1
333,214,416,2024-08-06,Planned,5.5,514,True,1
334,83,213,2025-07-01,Emergency,2.8,848,True,4
335,414,430,2025-07-10,Planned,2.8,1903,True,4
336,121,33,2024-08-13,Planned,4.5,784,True,1
337,41,127,2025-11-28,Planned,3.6,3137,True,5
338,359,499,2024-01-21,Corrective,2.8,360,True,2
339,92,339,2024-02-06,Planned,4.4,1970,True,2
340,239,495,2024-08-03,Planned,0.9,1013,True,2
341,311,440,2024-12-11,Corrective,1.1,1301,True,5
342,435,159,2024-09-16,Corrective,2.0,740,False,5
343,14,74,2024-04-03,Corrective,0.9,633,True,4
344,37,475,2024-09-08,Planned,3.5,477,True,2
345,381,32,2025-06-01,Planned,5.5,1018,True,3
346,457,78,2025-09-16,Emergency,5.8,972,True,1
347,59,412,2025-09-27,Corrective,1.6,673,True,5
348,277,143,2024-08-01,Planned,2.8,467,True,5
349,111,263,2024-11-18,Planned,1.2,812,True,2
350,417,440,2024-10-22,Planned,0.5,421,True,4
351,105,292,2025-11-22,Planned,12.0,1022,True,2
352,353,307,2025-08-01,Planned,1.6,1002,True,4
353,448,112,2024-10-07,Corrective,2.7,1879,True,1
354,458,394,2024-12-09,Planned,3.5,1166,True,2
355,372,39,2024-05-18,Planned,2.8,1076,True,1
356,142,109,2025-04-22,Planned,3.3,689,True,4
357,7,368,2024-09-18,Planned,9.5,541,True,5
358,467,121,2024-01-23,Corrective,6.3,236,True,1
359,303,107,2024-05-23,Planned,5.5,226,True,5
360,57,4,2024-07-07,Emergency,4.1,1128,True,1
361,141,377,2024-03-28,Emergency,1.7,724,True,3
362,268,29,2024-12-12,Corrective,5.7,708,True,5
363,116,241,2025-07-28,Planned,0.8,1509,True,5
364,263,348,2024-06-11,Planned,3.1,787,True,2
365,31,243,2025-02-28,Planned,4.8,20,True,5
366,212,117,2024-05-25,Planned,3.0,1680,True,2
367,108,389,2024-12-28,Planned,6.5,1763,True,3
368,176,314,2025-07-19,Corrective,1.7,185,True,5
369,483,398,2024-08-19,Planned,1.4,752,True,1
370,163,166,2024-10-16,Planned,5.0,1131,True,2
371,444,491,2025-12-06,Planned,1.1,973,True,1
372,102,44,2024-08-24,Planned,8.4,1661,True,5
373,483,461,2024-07-27,Corrective,3.7,616,True,4
374,385,369,2025-07-07,Planned,2.6,408,True,2
375,322,114,2024-06-20,Corrective,2.7,1333,True,3
376,302,432,2024-05-23,Planned,7.3,726,True,2
377,381,457,2024-06-09,Corrective,4.5,1931,True,1
378,339,395,2024-01-04,Planned,3.8,1308,True,4
379,231,484,2025-08-13,Emergency,4.7,88,True,5
380,411,320,2025-07-25,Planned,1.2,507,True,3
381,125,111,2024-03-03,Corrective,0.5,1619,True,1
382,141,462,2025-02-03,Planned,4.0,1096,True,1
383,208,327,2024-12-21,Corrective,1.5,951,True,2
384,431,204,2024-03-13,Planned,3.7,1167,True,3
385,75,251,2025-04-11,Planned,2.5,323,True,3
386,209,135,2025-08-22,Planned,3.8,1664,True,4
387,274,425,2025-05-01,Planned,2.1,1343,True,2
388,365,274,2024-07-26,Planned,2.5,1236,True,4
389,304,378,2024-08-21,Planned,1.9,2737,False,1
390,485,234,2025-03-15,Corrective,5.0,867,True,5
391,322,118,2025-12-09,Emergency,1.2,4176,True,1
392,141,67,2024-09-25,Planned,7.3,1032,True,4
393,430,332,2025-03-02,Planned,2.3,754,True,2
394,267,295,2025-12-04,Planned,5.2,1069,True,4
395,359,191,2025-11-26,Emergency,1.9,3099,True,2
396,265,234,2024-02-10,Corrective,1.1,164,True,2
397,216,21,2025-01-05,Planned,3.2,534,True,2
398,188,371,2024-12-21,Emergency,7.0,1773,False,5
399,108,244,2024-05-06,Planned,3.1,2462,True,5
400,383,65,2024-05-14,Planned,3.2,1236,False,5
401,220,237,2025-02-18,Corrective,3.3,1224,True,1
402,485,75,2024-04-09,Corrective,2.3,2529,True,3
403,339,470,2025-05-08,Planned,1.0,2173,True,4
404,413,16,2025-11-11,Planned,4.1,574,True,3
405,106,115,2024-05-02,Planned,7.0,224,True,5
406,495,182,2025-05-24,Corrective,1.6,382,True,2
407,371,241,2024-04-01,Emergency,1.7,2304,True,4
408,99,19,2025-11-21,Planned,1.5,61,True,2
409,482,215,2024-05-02,Corrective,4.8,1061,True,5
410,498,359,2024-10-26,Corrective,3.6,810,True,1
411,488,217,2024-02-18,Corrective,1.3,481,True,5
412,376,449,2024-03-04,Planned,5.0,1712,True,5
413,232,275,2025-09-08,Corrective,3.5,292,True,5
414,418,192,2025-09-12,Emergency,1.6,671,True,4
415,8,211,2025-12-13,Planned,1.1,854,True,1
416,452,374,2024-03-14,Corrective,4.5,2193,True,5
417,143,56,2025-05-19,Planned,3.2,427,True,3
418,313,397,2025-07-15,Planned,2.3,2127,True,5
419,440,413,2025-10-21,Corrective,3.5,396,True,5
420,14,140,2024-11-26,Planned,2.2,758,True,2
421,178,128,2024-01-21,Corrective,1.4,708,True,5
422,34,341,2024-03-26,Planned,2.9,607,True,1
423,69,79,2024-04-06,Planned,7.2,1184,True,3
424,82,7,2024-09-09,Planned,2.3,12,True,2
425,417,326,2024-03-25,Planned,1.4,327,True,2
426,369,455,2024-05-16,Corrective,1.0,229,True,2
427,108,430,2024-07-02,Corrective,4.2,401,True,3
428,153,112,2024-09-15,Corrective,7.2,699,True,2
429,85,473,2024-09-20,Planned,1.3,1430,True,5
430,113,230,2025-11-19,Planned,1.9,266,False,2
431,224,26,2024-08-25,Planned,4.4,969,True,3
432,141,138,2025-10-01,Planned,1.7,1088,True,4
433,35,315,2024-10-22,Corrective,4.4,1614,True,1
434,138,400,2024-05-25,Emergency,5.1,237,True,3
435,304,243,2025-08-13,Emergency,9.8,2715,False,5
436,245,176,2025-05-23,Planned,1.3,1651,True,2
437,322,269,2025-11-14,Planned,11.3,870,True,5
438,384,475,2024-07-08,Planned,1.6,440,True,2
439,181,288,2024-10-09,Corrective,3.3,1498,True,4
440,496,301,2025-08-28,Planned,9.8,1772,True,5
441,265,73,2024-06-08,Planned,2.9,873,True,2
442,56,451,2024-12-05,Planned,3.8,332,True,1
443,121,414,2025-07-27,Planned,2.6,585,True,4
444,357,216,2024-06-22,Corrective,1.8,425,True,3
445,248,394,2025-01-09,Planned,4.8,803,True,5
446,21,341,2024-03-02,Corrective,0.6,627,True,3
447,63,479,2024-12-09,Corrective,5.6,340,True,4
448,87,170,2024-08-01,Planned,4.4,129,True,5
449,270,349,2024-07-13,Corrective,5.7,100,True,3
450,165,210,2024-03-16,Corrective,2.8,244,True,5
451,306,196,2024-12-26,Planned,3.4,844,True,3
452,494,23,2025-09-16,Planned,0.2,1297,True,2
453,333,154,2025-12-27,Planned,8.4,1421,True,2
454,201,25,2024-11-24,Planned,3.1,2101,True,5
455,37,211,2025-07-07,Planned,0.6,189,True,3
456,136,367,2025-07-04,Planned,4.6,523,True,2
457,232,42,2024-09-04,Planned,4.1,150,True,3
458,155,154,2024-11-26,Planned,3.8,96,True,1
459,146,489,2024-03-04,Emergency,2.1,374,True,1
460,383,82,2024-09-25,Emergency,7.5,1088,True,1
461,462,250,2025-06-01,Planned,6.1,1119,True,5
462,491,159,2024-06-25,Corrective,1.7,632,True,1
463,457,99,2024-10-02,Planned,4.3,594,True,4
464,455,76,2024-07-14,Emergency,3.1,390,True,3
465,156,431,2025-02-09,Planned,4.4,548,True,4
466,125,316,2024-07-21,Emergency,2.6,1397,False,1
467,423,173,2024-08-28,Corrective,0.8,748,True,3
468,362,314,2024-05-15,Corrective,0.9,1239,True,2
469,138,374,2024-04-26,Planned,1.7,733,False,4
470,122,312,2025-05-08,Planned,1.8,3245,False,1
471,8,149,2024-10-23,Planned,4.1,900,True,1
472,482,413,2024-02-06,Planned,2.0,908,True,5
473,99,299,2024-06-11,Planned,1.3,1043,True,2
474,398,173,2024-01-19,Corrective,1.2,2302,True,2
475,346,298,2024-11-07,Planned,9.9,1930,True,4
476,441,434,2025-11-11,Planned,3.3,502,True,2
477,403,175,2024-03-20,Planned,5.2,1473,True,2
478,207,384,2024-11-04,Corrective,3.2,697,True,4
479,496,209,2024-06-14,Planned,1.7,510,True,4
480,434,403,2024-06-21,Planned,3.6,193,True,3
481,270,201,2024-03-01,Planned,3.5,740,True,5
482,192,72,2025-04-22,Corrective,4.4,106,True,2
483,310,360,2025-11-21,Corrective,3.9,762,True,4
484,180,9,2024-09-05,Planned,2.1,598,True,2
485,73,163,2024-06-14,Planned,3.5,1920,True,4
486,385,336,2024-08-13,Planned,1.3,1701,True,4
487,303,453,2024-07-24,Emergency,4.0,889,False,4
488,287,30,2025-06-23,Planned,9.5,1556,True,3
489,448,117,2025-12-16,Planned,3.7,1530,True,1
490,96,69,2025-08-06,Planned,3.1,730,True,5
491,403,483,2024-09-02,Planned,2.9,504,True,3
492,203,287,2024-03-10,Planned,4.2,347,True,3
493,217,180,2024-10-20,Planned,4.7,626,True,3
494,376,322,2025-06-28,Planned,6.4,1080,True,4
495,66,91,2025-07-20,Emergency,3.1,915,True,4
496,62,11,2024-05-19,Corrective,7.3,1025,True,3
497,20,459,2024-09-09,Corrective,4.9,1955,True,4
498,255,333,2024-07-21,Planned,5.9,1020,True,4
499,51,324,2024-03-22,Corrective,1.0,230,True,4
500,263,116,2024-07-20,Emergency,6.1,1661,True,4
501,381,5,2024-08-28,Planned,6.2,258,False,3
502,474,116,2025-04-15,Corrective,3.6,1235,True,1
503,148,482,2024-07-10,Corrective,2.3,1069,True,1
504,496,193,2025-09-18,Planned,1.6,4032,True,1
505,126,435,2024-09-22,Planned,0.9,1459,True,2
506,310,43,2024-08-22,Planned,8.8,430,True,2
507,288,2,2024-10-26,Corrective,7.0,2217,True,1
508,145,147,2025-09-03,Planned,1.5,302,True,2
509,246,75,2025-07-25,Corrective,0.3,541,False,4
510,252,202,2025-03-19,Planned,3.7,349,True,5
511,310,217,2024-09-07,Planned,3.4,171,True,5
512,63,418,2025-04-05,Planned,4.9,1125,True,2
513,162,157,2024-01-21,Planned,2.4,736,True,3
514,90,322,2024-04-14,Planned,7.3,1335,True,2
515,70,9,2024-05-09,Corrective,3.1,1196,True,5
516,116,205,2025-08-12,Emergency,3.2,1607,True,2
517,174,314,2024-12-10,Emergency,1.8,214,True,3
518,91,247,2024-11-05,Emergency,1.6,1264,True,2
519,432,155,2025-03-02,Corrective,0.9,260,True,1
520,305,327,2025-10-18,Corrective,1.1,1360,True,4
521,485,27,2025-08-06,Planned,2.8,1255,True,4
522,142,120,2025-07-03,Planned,5.5,341,True,2
523,2,390,2024-07-02,Planned,4.0,1647,True,3
524,98,124,2025-04-15,Planned,3.4,1356,True,4
525,347,105,2025-06-09,Planned,3.8,974,True,3
526,485,182,2024-04-13,Planned,5.4,341,True,3
527,463,419,2024-08-16,Emergency,2.7,1150,True,4
528,46,276,2024-12-28,Emergency,1.4,1545,True,3
529,181,265,2025-10-09,Emergency,1.2,4112,True,2
530,236,134,2025-11-06,Planned,4.6,1892,True,1
531,318,141,2024-06-03,Planned,1.5,1166,True,5
532,173,355,2025-07-27,Emergency,3.0,1515,True,5
533,271,70,2024-01-17,Planned,1.8,900,True,1
534,6,33,2024-04-02,Planned,1.5,1311,True,2
535,486,38,2025-01-15,Planned,4.3,941,True,2
536,280,32,2024-06-24,Corrective,0.7,1006,True,2
537,91,264,2024-11-23,Planned,4.1,383,True,2
538,73,420,2025-06-25,Planned,0.3,888,True,5
539,400,296,2025-11-15,Corrective,2.8,1322,True,2
540,39,308,2024-11-08,Planned,5.9,1232,True,1
541,202,364,2025-02-08,Planned,2.6,1494,True,4
542,475,293,2025-03-18,Planned,6.0,326,True,2
543,429,1,2024-02-26,Planned,3.9,1006,True,5
544,194,77,2024-12-21,Corrective,4.4,718,True,1
545,227,34,2024-04-09,Planned,5.1,1367,True,2
546,309,290,2025-07-15,Planned,2.0,725,True,3
547,148,137,2024-04-16,Emergency,2.2,2146,True,2
548,50,168,2025-09-08,Planned,4.4,1387,True,3
549,426,222,2024-07-23,Planned,2.8,328,True,4
550,425,223,2024-07-20,Planned,1.4,737,True,5
551,256,284,2024-06-03,Corrective,1.3,352,True,2
552,158,255,2024-07-09,Planned,4.2,3261,True,2
553,98,37,2025-08-21,Corrective,5.2,170,True,5
554,362,305,2024-04-05,Corrective,0.5,400,True,2
555,31,13,2025-02-19,Planned,3.0,487,True,5
556,157,143,2024-09-04,Planned,3.8,122,True,1
557,319,167,2024-11-05,Corrective,3.3,963,True,3
558,301,196,2024-10-02,Planned,7.5,1319,True,3
559,414,196,2025-07-22,Corrective,0.5,522,True,2
560,58,138,2024-04-18,Planned,2.6,672,True,3
561,385,37,2024-01-19,Emergency,2.1,691,True,3
562,497,391,2025-10-09,Corrective,3.5,234,True,5
563,198,160,2025-02-09,Planned,0.9,475,True,3
564,62,372,2024-11-08,Corrective,2.5,1086,True,5
565,162,103,2024-01-27,Corrective,2.9,1230,True,3
566,378,393,2025-01-28,Planned,5.2,2360,True,1
567,165,324,2025-05-13,Corrective,0.3,2767,True,2
568,21,159,2024-08-20,Corrective,6.2,729,True,3
569,117,345,2025-04-01,Planned,5.6,752,True,5
570,467,306,2025-11-08,Planned,5.1,318,True,3
571,395,79,2024-01-09,Planned,2.6,459,True,5
572,197,231,2025-11-02,Corrective,2.7,1116,True,2
573,394,427,2025-01-23,Planned,7.0,824,True,3
574,47,111,2024-01-02,Planned,3.9,559,True,5
575,436,481,2024-03-24,Planned,7.5,348,True,5
576,10,399,2025-01-01,Planned,2.7,1030,True,1
577,146,156,2024-04-18,Corrective,2.6,1308,True,3
578,218,456,2024-03-04,Emergency,1.1,1458,True,5
579,427,342,2025-12-20,Planned,0.8,2867,True,4
580,90,97,2024-02-17,Planned,2.9,714,True,3
581,47,484,2024-12-10,Planned,3.0,1168,True,5
582,274,250,2024-05-22,Planned,6.3,809,True,1
583,235,6,2024-04-01,Planned,1.7,513,True,5
584,348,405,2024-11-01,Planned,2.6,458,True,3
585,343,216,2024-08-05,Planned,3.6,434,True,3
586,217,120,2024-09-10,Planned,2.2,731,True,1
587,119,177,2024-11-16,Corrective,2.8,1462,True,4
588,441,301,2025-12-03,Planned,6.4,1828,True,1
589,460,35,2025-11-13,Planned,5.6,314,True,5
590,182,181,2025-11-07,Planned,2.6,975,True,5
591,50,343,2024-03-12,Emergency,1.3,3141,True,4
592,392,362,2024-09-15,Planned,7.0,2424,True,5
593,150,387,2024-08-05,Planned,3.8,83,True,3
594,462,307,2024-06-13,Planned,1.7,1257,True,2
595,245,43,2024-07-27,Planned,4.7,307,True,2
596,456,192,2024-04-14,Planned,2.4,1231,True,4
597,81,98,2024-10-23,Corrective,1.7,516,True,2
598,78,419,2025-03-17,Planned,1.8,395,True,1
599,144,361,2025-02-10,Emergency,7.0,1747,False,2
600,259,499,2025-10-03,Planned,12.0,1031,True,3
601,301,411,2024-12-18,Planned,0.1,2925,True,4
602,176,166,2024-08-10,Corrective,0.7,1228,True,4
603,196,74,2025-05-05,Planned,0.4,798,True,5
604,126,375,2025-03-26,Planned,5.8,1530,True,5
605,278,229,2024-07-15,Corrective,3.6,1395,True,2
606,256,192,2024-09-04,Corrective,2.7,203,True,5
607,258,357,2024-03-25,Planned,3.9,825,True,1
608,340,5,2024-09-18,Emergency,0.5,3365,True,5
609,289,405,2025-07-01,Planned,2.6,1791,True,5
610,219,48,2024-03-08,Emergency,3.0,1783,True,5
611,49,363,2024-06-02,Corrective,2.7,2467,True,4
612,74,270,2024-10-13,Emergency,2.4,2814,True,3
613,318,396,2025-02-11,Planned,2.0,765,True,2
614,424,254,2025-08-23,Emergency,4.4,1831,True,1
615,306,229,2024-12-19,Planned,6.1,338,True,4
616,408,81,2024-05-05,Planned,0.8,850,True,5
617,374,133,2025-09-23,Planned,3.0,536,True,4
618,436,11,2024-07-24,Planned,5.5,1451,True,2
619,184,319,2025-02-25,Planned,1.5,1185,True,2
620,423,313,2024-04-20,Planned,7.5,2116,True,2
621,132,134,2024-01-16,Planned,3.0,1736,True,4
622,399,196,2024-12-10,Corrective,3.6,542,True,3
623,487,257,2025-04-10,Planned,10.0,1038,True,2
624,348,92,2024-04-26,Corrective,0.6,944,True,3
625,89,89,2024-11-26,Planned,1.5,1896,True,5
626,122,275,2025-01-21,Corrective,1.1,1005,True,1
627,292,257,2024-10-15,Planned,2.7,1164,True,3
628,226,247,2024-12-19,Planned,5.8,708,True,5
629,145,313,2024-06-26,Corrective,1.6,3429,False,3
630,347,191,2024-02-16,Planned,2.3,1062,True,4
631,65,59,2025-05-27,Emergency,5.3,3143,True,3
632,104,364,2024-07-17,Planned,5.5,1761,True,4
633,263,220,2025-05-14,Emergency,1.3,1885,False,4
634,479,274,2024-05-19,Planned,1.6,1080,True,3
635,488,302,2024-07-24,Planned,3.6,1277,True,2
636,18,463,2025-10-05,Planned,0.5,481,True,2
637,297,214,2024-05-13,Planned,10.8,750,True,2
638,366,43,2025-05-27,Planned,4.9,505,True,2
639,3,114,2024-09-04,Planned,6.7,2725,True,3
640,200,304,2025-05-08,Corrective,3.1,454,True,3
641,218,170,2024-06-03,Planned,3.3,945,True,5
642,108,183,2024-01-15,Planned,8.8,1814,True,1
643,80,255,2024-04-23,Planned,3.7,484,True,5
644,70,120,2025-07-11,Planned,0.8,80,True,5
645,134,137,2025-06-25,Planned,2.7,1271,True,3
646,256,415,2025-04-28,Corrective,1.9,456,True,1
647,58,275,2024-08-12,Emergency,2.3,515,True,3
648,455,9,2024-02-17,Corrective,4.1,1067,True,5
649,400,167,2024-07-23,Corrective,0.2,1407,True,2
650,325,223,2024-08-08,Emergency,3.0,891,False,1
651,236,423,2024-07-11,Planned,1.5,498,True,4
652,94,72,2024-08-19,Planned,2.8,1213,True,2
653,79,305,2025-05-01,Planned,6.1,584,True,5
654,216,321,2024-05-21,Planned,2.3,668,True,3
655,132,324,2025-04-19,Planned,1.6,836,True,3
656,423,448,2024-10-11,Emergency,2.0,1721,True,1
657,440,241,2025-06-23,Emergency,1.9,184,True,3
658,252,403,2025-05-27,Planned,7.7,1207,True,3
659,464,161,2024-03-17,Planned,2.1,474,True,5
660,187,95,2025-02-21,Corrective,2.8,917,True,1
661,307,313,2024-01-16,Planned,2.1,908,True,4
662,279,416,2024-04-11,Corrective,1.4,662,True,3
663,144,227,2025-08-08,Emergency,0.5,1045,True,3
664,418,210,2024-03-18,Corrective,2.9,641,True,2
665,387,118,2024-07-15,Corrective,7.2,148,True,2
666,123,474,2025-02-14,Planned,4.8,1413,True,1
667,463,461,2024-01-06,Corrective,1.4,2513,True,4
668,60,257,2024-03-15,Corrective,3.8,1193,True,1
669,241,97,2024-02-20,Corrective,1.0,357,True,3
670,495,198,2025-12-07,Corrective,2.4,447,False,1
671,308,448,2024-01-02,Corrective,3.4,1172,False,5
672,414,61,2025-08-12,Planned,1.7,815,True,2
673,251,42,2024-04-13,Planned,3.1,795,False,1
674,379,345,2024-07-05,Planned,0.8,2994,True,3
675,73,327,2025-09-27,Planned,2.9,318,True,5
676,316,47,2025-07-14,Planned,1.6,1382,True,2
677,500,477,2024-11-07,Planned,6.6,565,True,5
678,23,170,2024-12-01,Emergency,3.1,238,True,4
679,208,139,2024-09-11,Corrective,7.3,4091,True,4
680,279,460,2025-04-19,Planned,2.2,575,True,3
681,460,390,2024-11-23,Corrective,3.7,851,True,1
682,330,490,2024-06-01,Planned,2.8,850,True,1
683,264,24,2025-04-01,Corrective,0.5,563,True,4
684,82,360,2024-02-27,Corrective,3.5,784,True,5
685,257,53,2024-04-08,Corrective,2.8,5605,True,1
686,358,161,2024-08-27,Planned,7.0,853,True,4
687,19,401,2024-11-21,Planned,3.5,1255,True,2
688,326,308,2025-02-20,Planned,2.9,526,True,1
689,370,46,2024-02-02,Planned,6.0,818,True,1
690,165,230,2025-05-09,Corrective,1.2,2678,True,2
691,82,253,2024-04-11,Planned,1.2,1292,True,3
692,292,25,2024-03-13,Planned,1.7,815,True,4
693,136,181,2024-07-14,Planned,1.1,634,True,5
694,43,109,2025-11-20,Corrective,2.7,484,False,5
695,418,142,2024-01-06,Corrective,5.0,1090,False,5
696,43,450,2025-04-03,Planned,2.5,415,True,4
697,301,244,2024-11-01,Corrective,5.0,767,True,1
698,73,165,2024-01-16,Planned,3.1,3022,True,2
699,406,372,2024-03-26,Corrective,2.1,802,True,4
700,36,342,2024-02-09,Corrective,2.6,600,True,3
701,348,1,2024-02-04,Planned,9.7,164,True,5
702,126,381,2024-10-12,Planned,7.2,1343,True,5
703,361,179,2024-02-17,Planned,2.5,659,True,5
704,331,497,2025-04-14,Planned,6.1,1076,True,3
705,129,296,2025-04-09,Planned,3.2,461,True,2
706,102,183,2024-07-21,Corrective,1.5,127,True,1
707,371,286,2024-07-12,Planned,8.9,1600,True,5
708,283,364,2024-07-10,Emergency,2.0,2811,True,1
709,489,404,2025-01-07,Emergency,3.8,342,True,3
710,75,414,2025-01-15,Planned,4.4,1058,True,2
711,308,102,2024-03-20,Emergency,1.4,540,True,3
712,67,289,2024-09-13,Planned,4.7,549,True,3
713,414,406,2025-04-06,Corrective,3.6,352,True,4
714,45,290,2024-08-25,Emergency,3.1,1517,True,5
715,362,199,2025-08-27,Planned,0.7,986,True,1
716,317,388,2025-04-06,Planned,1.2,1309,True,1
717,226,346,2025-08-21,Planned,6.0,1448,True,1
718,120,292,2025-06-06,Planned,3.2,1861,False,1
719,24,347,2024-02-26,Planned,4.1,119,True,4
720,356,415,2024-08-15,Planned,0.2,839,True,4
721,86,62,2024-10-23,Corrective,7.7,879,False,1
722,117,29,2025-08-18,Corrective,1.3,301,True,2
723,92,5,2025-12-02,Planned,3.1,2541,True,4
724,68,198,2024-08-15,Planned,0.8,487,True,2
725,354,93,2025-12-04,Planned,4.5,739,True,1
726,135,71,2024-11-07,Planned,5.6,189,True,2
727,261,112,2024-11-16,Planned,2.0,1297,True,3
728,365,236,2024-09-03,Corrective,4.4,748,True,5
729,404,302,2024-03-28,Planned,4.3,980,True,2
730,350,118,2024-08-18,Corrective,1.9,189,True,3
731,68,41,2024-02-07,Corrective,1.5,899,True,1
732,437,405,2025-07-16,Corrective,5.0,435,True,3
733,143,125,2025-11-01,Planned,2.1,90,True,3
734,162,101,2024-07-10,Planned,1.8,835,True,1
735,248,300,2024-03-19,Corrective,5.0,268,True,1
736,199,133,2024-06-13,Planned,1.1,278,True,5
737,238,453,2024-06-06,Corrective,2.6,393,True,2
738,247,480,2025-09-28,Planned,1.5,2321,True,3
739,353,271,2024-11-20,Planned,0.6,1788,True,2
740,208,266,2024-08-18,Corrective,2.6,2113,True,5
741,285,75,2025-04-10,Planned,7.3,2214,True,4
742,425,154,2025-04-21,Planned,0.6,727,True,5
743,406,337,2024-04-07,Corrective,2.6,803,True,1
744,62,355,2024-11-21,Corrective,4.5,972,True,3
745,227,142,2024-09-11,Planned,3.7,318,True,4
746,440,185,2025-06-28,Corrective,2.0,465,False,5
747,233,258,2024-05-28,Planned,8.0,410,True,1
748,54,20,2025-07-01,Planned,3.4,108,True,3
749,380,231,2024-05-10,Planned,4.4,1829,True,1
750,389,405,2024-01-17,Planned,4.0,1111,True,4
751,446,249,2024-03-19,Planned,3.5,1579,True,3
752,30,254,2025-01-22,Corrective,0.6,244,True,3
753,287,335,2025-07-28,Emergency,0.4,1560,True,1
754,214,392,2025-07-10,Planned,6.6,332,True,3
755,488,126,2024-06-19,Planned,4.5,1135,True,2
756,238,399,2024-05-12,Planned,8.5,1837,True,1
757,460,429,2024-12-03,Planned,3.8,185,True,2
758,250,460,2025-09-21,Corrective,0.7,753,True,4
759,257,247,2024-09-11,Planned,1.2,328,True,5
760,14,438,2025-06-19,Planned,6.3,938,True,5
761,182,330,2025-01-25,Corrective,2.6,579,True,5
762,17,374,2024-07-17,Planned,4.0,595,True,5
763,481,335,2024-01-25,Planned,0.9,364,True,1
764,300,238,2024-08-21,Emergency,3.1,894,True,4
765,175,335,2025-03-11,Corrective,10.4,533,True,3
766,200,178,2024-03-14,Planned,4.7,279,True,4
767,416,243,2025-12-18,Corrective,2.5,1870,True,1
768,85,215,2024-11-01,Emergency,2.8,2054,False,3
769,203,142,2024-11-02,Corrective,6.0,154,True,4
770,56,347,2025-12-24,Corrective,4.4,753,True,4
771,270,60,2024-08-04,Planned,8.6,2035,True,2
772,256,87,2024-10-14,Planned,2.0,1483,True,2
773,245,57,2025-03-05,Corrective,4.9,291,True,1
774,164,428,2024-09-06,Planned,3.8,1001,True,5
775,96,79,2025-01-19,Planned,1.2,1088,True,4
776,252,480,2024-07-21,Emergency,5.6,3365,True,4
777,295,193,2025-09-07,Planned,3.0,763,True,2
778,15,435,2024-06-27,Planned,10.7,209,True,3
779,149,84,2024-06-22,Planned,4.7,127,True,5
780,65,345,2025-08-08,Planned,8.0,478,True,2
781,284,340,2024-01-08,Planned,4.1,2750,True,5
782,276,52,2024-08-28,Emergency,3.4,513,True,1
783,173,135,2024-10-07,Planned,2.2,2545,True,4
784,137,293,2025-09-23,Planned,4.9,1290,True,5
785,5,39,2024-11-26,Planned,3.0,1219,True,1
786,131,163,2024-06-28,Corrective,3.0,263,True,4
787,284,306,2025-02-05,Planned,9.3,631,False,3
788,421,68,2025-09-08,Planned,1.1,159,True,1
789,26,374,2025-03-22,Planned,5.1,3071,True,5
790,212,199,2024-07-06,Corrective,3.8,240,True,2
791,452,53,2025-07-12,Planned,2.6,1576,True,2
792,115,312,2025-05-28,Planned,1.2,1211,True,2
793,103,406,2024-07-26,Planned,5.5,806,True,4
794,227,294,2025-03-07,Emergency,1.2,1003,False,4
795,229,138,2025-11-18,Corrective,1.2,1194,True,3
796,134,430,2024-01-06,Corrective,1.3,169,True,1
797,397,322,2024-10-14,Planned,1.2,1107,True,3
798,64,375,2024-11-22,Emergency,1.0,1032,True,4
799,9,327,2024-01-10,Planned,0.4,668,True,5
800,33,440,2024-01-08,Planned,4.9,549,True,5
801,442,446,2025-09-26,Planned,2.4,2428,True,4
802,324,393,2024-12-13,Planned,4.5,117,False,1
803,226,162,2025-09-27,Planned,6.5,190,True,2
804,125,3,2024-07-18,Planned,5.1,951,False,5
805,282,209,2024-10-03,Planned,4.4,188,True,4
806,464,1,2024-08-10,Planned,3.0,344,True,5
807,352,407,2024-07-13,Planned,1.9,236,True,5
808,389,421,2025-12-17,Planned,5.2,1577,True,1
809,199,93,2024-04-11,Corrective,1.9,1657,True,1
810,248,375,2024-08-01,Corrective,1.7,68,True,5
811,191,457,2025-07-04,Planned,3.7,832,True,4
812,433,336,2024-07-15,Corrective,3.6,468,True,5
813,317,362,2025-09-22,Corrective,0.6,395,True,1
814,25,494,2025-10-10,Planned,11.1,294,True,4
815,50,142,2024-11-09,Planned,3.9,1457,False,5
816,348,63,2024-01-17,Planned,11.7,1089,True,4
817,333,1,2025-09-02,Planned,2.3,739,True,4
818,492,237,2025-07-14,Emergency,1.8,1815,True,3
819,399,451,2024-02-02,Planned,3.4,1368,True,2
820,223,17,2024-09-24,Emergency,5.9,1169,True,4
821,252,403,2025-05-21,Corrective,2.9,201,True,3
822,138,205,2024-01-21,Planned,7.0,177,True,5
823,222,344,2025-03-07,Emergency,1.4,2930,True,2
824,331,492,2024-02-11,Planned,3.9,763,True,4
825,485,453,2025-11-23,Emergency,1.0,2851,True,3
826,487,138,2025-12-12,Planned,6.9,2014,False,4
827,439,329,2024-06-01,Corrective,4.3,1012,True,3
828,242,60,2024-01-22,Corrective,5.4,859,True,3
829,352,194,2024-05-12,Corrective,2.7,974,True,2
830,148,149,2025-08-19,Emergency,0.3,706,True,1
831,1,482,2024-08-21,Corrective,2.8,686,True,3
832,264,167,2024-03-22,Corrective,1.2,525,True,5
833,299,185,2024-02-14,Emergency,1.7,609,True,3
834,65,60,2025-07-25,Planned,1.1,315,False,2
835,495,141,2024-04-14,Corrective,5.2,664,True,1
836,382,141,2025-11-02,Corrective,2.4,381,True,5
837,394,296,2024-07-16,Planned,5.1,1035,True,3
838,47,224,2024-05-26,Corrective,4.1,1222,True,4
839,6,334,2024-08-12,Planned,1.3,998,True,5
840,255,175,2025-09-20,Planned,0.7,1480,True,3
841,301,94,2025-07-23,Corrective,0.7,1329,True,5
842,311,415,2025-05-06,Corrective,2.4,1138,True,4
843,163,106,2025-02-20,Corrective,1.0,572,True,1
844,304,449,2025-07-19,Corrective,2.6,89,True,4
845,139,328,2025-04-03,Planned,3.7,1582,True,5
846,454,276,2024-05-10,Corrective,2.6,2393,True,4
847,40,256,2025-07-24,Planned,3.6,1271,True,3
848,3,266,2024-01-15,Planned,4.2,565,True,1
849,439,492,2024-06-16,Emergency,2.9,1293,True,4
850,247,279,2024-08-21,Planned,0.7,656,False,2
851,127,205,2025-03-17,Planned,5.8,281,True,5
852,270,53,2024-06-20,Emergency,5.5,350,True,2
853,388,52,2025-05-05,Planned,3.8,403,True,2
854,43,346,2024-07-16,Planned,3.1,1864,True,4
855,229,265,2024-10-13,Corrective,1.6,720,True,1
856,17,209,2024-12-11,Planned,4.1,90,True,1
857,269,381,2024-02-08,Planned,1.8,489,True,3
858,188,122,2024-03-16,Planned,1.3,1482,True,3
859,384,335,2025-07-02,Planned,7.0,558,True,1
860,37,159,2025-09-16,Emergency,5.2,1034,True,2
861,471,396,2025-11-03,Planned,1.3,1307,False,2
862,189,86,2025-09-15,Planned,8.5,903,True,5
863,476,173,2024-11-06,Emergency,1.6,884,True,4
864,368,302,2025-01-14,Planned,5.1,287,True,5
865,258,250,2024-01-25,Planned,8.6,2397,True,1
866,200,499,2024-05-09,Planned,4.3,595,True,4
867,239,428,2025-04-24,Corrective,4.8,257,True,3
868,484,261,2024-06-11,Planned,2.8,3973,True,4
869,351,258,2024-06-19,Emergency,1.5,708,True,5
870,389,403,2024-07-14,Emergency,2.3,2806,True,5
871,99,82,2025-04-03,Planned,2.1,1073,True,1
872,300,436,2024-07-07,Planned,0.7,1375,True,5
873,340,493,2024-07-28,Emergency,2.6,397,True,4
874,44,390,2024-08-15,Planned,7.6,1642,False,5
875,127,83,2024-10-16,Corrective,1.2,956,True,1
876,99,368,2024-03-01,Corrective,2.5,644,True,5
877,319,418,2024-11-22,Corrective,2.9,553,True,1
878,165,388,2024-06-13,Planned,1.6,479,True,4
879,391,90,2024-02-10,Emergency,3.3,2752,True,4
880,182,12,2024-05-17,Planned,12.0,1664,True,3
881,249,73,2024-09-13,Emergency,1.3,693,True,2
882,65,377,2024-09-25,Corrective,3.9,373,True,4
883,71,8,2025-12-28,Planned,1.4,803,True,3
884,369,28,2025-11-16,Corrective,1.1,375,True,2
885,315,257,2025-11-06,Planned,5.7,967,True,2
886,388,474,2024-05-17,Planned,4.7,791,True,4
887,465,62,2024-11-15,Planned,3.3,1695,True,4
888,97,464,2025-10-10,Corrective,0.8,301,True,5
889,479,379,2024-07-26,Emergency,1.3,546,True,2
890,192,318,2024-07-25,Planned,5.9,1136,True,5
891,258,261,2024-05-02,Corrective,3.6,376,True,2
892,316,261,2024-02-25,Planned,0.8,2301,True,5
893,33,159,2025-11-04,Planned,7.3,315,True,3
894,276,150,2024-02-09,Planned,3.4,505,False,5
895,120,148,2024-04-21,Planned,2.8,374,True,1
896,160,203,2025-09-14,Planned,1.9,1148,True,4
897,71,249,2025-02-05,Planned,5.8,922,True,2
898,302,141,2024-11-20,Planned,3.1,255,True,5
899,129,214,2024-05-23,Corrective,0.9,947,True,5
900,223,99,2024-04-13,Planned,4.3,2801,True,5
901,206,309,2024-11-11,Planned,0.7,662,False,3
902,67,392,2024-06-16,Planned,2.7,589,True,1
903,132,369,2024-04-27,Planned,5.9,216,True,4
904,357,334,2024-12-05,Corrective,1.3,980,True,3
905,37,469,2024-12-03,Planned,1.8,2222,True,2
906,43,367,2024-03-19,Corrective,4.1,923,True,5
907,457,125,2024-09-08,Corrective,6.5,2556,True,2
908,69,452,2024-10-14,Planned,4.9,2076,False,5
909,482,128,2024-08-11,Planned,12.0,954,True,5
910,194,227,2025-05-14,Planned,4.4,169,True,3
911,251,326,2024-08-23,Planned,2.9,576,True,2
912,95,319,2025-07-18,Corrective,1.4,450,True,5
913,285,310,2024-09-20,Planned,1.8,452,True,2
914,488,417,2025-07-27,Emergency,6.5,1258,True,4
915,174,300,2024-01-06,Planned,12.0,418,True,3
916,142,2,2025-05-01,Corrective,1.7,42,True,4
917,6,301,2024-02-17,Emergency,3.4,644,True,5
918,453,3,2024-12-05,Planned,3.0,760,True,5
919,479,225,2025-01-22,Corrective,2.9,436,True,2
920,245,153,2024-04-16,Planned,1.4,1045,True,2
921,322,241,2024-03-20,Corrective,1.5,1042,True,2
922,46,177,2025-01-09,Emergency,7.1,1929,True,4
923,342,25,2024-09-02,Planned,0.7,2210,True,4
924,170,299,2024-12-14,Corrective,2.6,2602,True,5
925,273,48,2025-05-12,Corrective,4.6,747,True,1
926,378,319,2024-10-10,Planned,0.8,229,True,4
927,322,31,2024-04-21,Planned,5.9,416,True,4
928,446,333,2024-04-27,Corrective,6.1,233,True,3
929,250,436,2024-12-17,Corrective,5.4,2259,True,3
930,115,195,2025-10-18,Corrective,0.7,2193,True,4
931,240,467,2024-04-28,Corrective,1.9,1140,True,3
932,145,47,2025-05-05,Corrective,1.5,1027,True,2
933,194,301,2024-04-03,Planned,1.3,482,True,2
934,150,63,2024-09-20,Emergency,2.0,1835,True,1
935,45,249,2024-12-25,Planned,4.4,213,True,4
936,210,87,2025-09-17,Planned,2.1,538,True,4
937,267,409,2024-07-28,Planned,5.5,1411,True,5
938,152,197,2025-12-16,Planned,6.1,840,True,4
939,308,342,2024-03-13,Corrective,0.4,786,True,4
940,247,331,2024-05-01,Emergency,6.4,4652,True,1
941,474,274,2025-12-20,Corrective,6.1,2012,True,5
942,226,259,2024-08-01,Planned,3.4,1144,True,3
943,409,484,2024-04-03,Corrective,3.3,881,True,3
944,22,26,2024-02-13,Planned,4.5,2096,True,1
945,199,427,2024-05-15,Planned,0.1,608,True,1
946,319,384,2024-04-14,Planned,1.4,339,True,3
947,91,354,2024-05-03,Emergency,4.3,767,True,5
948,144,59,2024-12-18,Planned,1.5,904,True,2
949,49,1,2025-10-22,Planned,9.4,419,True,3
950,202,203,2024-06-03,Corrective,0.7,188,True,2
951,360,77,2025-03-17,Planned,12.0,1504,True,5
952,98,345,2024-07-05,Planned,3.0,407,True,4
953,395,330,2024-12-24,Planned,5.8,693,True,5
954,451,337,2025-09-19,Planned,0.5,36,True,4
955,222,132,2025-04-11,Corrective,1.3,1177,True,4
956,310,236,2024-08-21,Planned,2.5,354,True,5
957,488,272,2025-06-15,Planned,3.9,896,True,4
958,218,223,2025-08-16,Corrective,2.9,790,True,1
959,219,389,2025-07-16,Corrective,0.6,2158,True,2
960,256,315,2024-06-09,Planned,2.0,378,True,4
961,3,202,2025-09-18,Emergency,1.1,400,True,4
962,148,196,2024-06-13,Emergency,1.0,1295,True,1
963,476,150,2024-08-09,Planned,0.3,1711,True,4
964,284,416,2025-07-07,Planned,1.6,859,True,4
965,305,393,2024-05-04,Corrective,4.7,1291,True,4
966,217,244,2025-06-23,Planned,0.6,1522,True,3
967,406,399,2024-07-02,Planned,2.7,311,True,4
968,420,323,2025-05-23,Planned,4.7,1079,False,4
969,462,430,2024-02-26,Planned,0.6,467,True,3
970,367,395,2024-05-09,Corrective,3.3,1074,True,3
971,344,364,2025-07-09,Planned,6.8,1180,True,1
972,101,45,2025-11-03,Corrective,2.0,213,True,4
973,218,347,2024-06-25,Corrective,2.5,576,True,3
974,344,475,2024-08-21,Planned,6.0,1212,True,1
975,396,370,2024-08-17,Planned,11.1,50,True,1
976,267,197,2024-04-08,Planned,2.1,695,True,4
977,235,465,2024-01-23,Planned,4.7,976,True,3
978,430,158,2024-09-08,Emergency,0.6,5273,True,4
979,13,121,2024-09-01,Planned,2.4,96,True,2
980,278,229,2025-01-13,Corrective,3.0,1127,True,5
981,298,338,2024-02-27,Planned,0.3,2404,False,3
982,193,94,2024-08-01,Corrective,2.4,1268,True,3
983,220,28,2025-05-21,Planned,1.3,362,True,5
984,268,417,2024-01-24,Planned,3.5,704,True,1
985,483,282,2024-05-15,Corrective,3.2,1518,True,1
986,75,108,2025-12-03,Emergency,1.9,839,True,3
987,124,386,2025-07-10,Emergency,1.1,4112,True,1
988,335,36,2024-11-14,Corrective,3.4,712,True,4
989,243,240,2025-07-12,Planned,2.2,298,True,5
990,172,326,2024-09-09,Emergency,4.2,1908,True,1
991,164,175,2025-10-28,Corrective,2.8,1908,True,5
992,400,389,2024-05-14,Planned,2.0,170,True,3
993,383,38,2025-02-10,Corrective,4.2,569,True,1
994,190,14,2025-08-20,Planned,4.5,75,True,2
995,374,102,2024-01-13,Planned,2.4,2207,True,5
996,65,52,2025-11-03,Planned,1.4,3452,True,1
997,263,55,2024-03-19,Emergency,1.2,1827,True,4
998,266,410,2025-04-25,Planned,2.0,986,True,5
999,485,239,2024-05-13,Planned,5.0,958,True,4
1000,370,43,2025-03-21,Planned,1.9,1135,True,4
